取引先CD,取引先名1,営業担当者CD,営業担当者名,集計項目CD,集計項目名
000001,株式会社ｵﾈｽﾄ,000008,新木場工場,,
000002,株式会社ADVANCE,000008,新木場工場,,
000003,有限会社青柳興業,000006,川部,000003,C（解体）
000004,ﾒｼﾞｬｰｳﾞｨｰﾅｽ･ｼﾞｬﾊﾟﾝ株式会社,000008,新木場工場,,
000005,ﾘﾊﾞｰ株式会社,000008,新木場工場,,
000006,東京産資源株式会社,000008,新木場工場,,
000007,麻生土木株式会社,000001,矢作,000004,D（建設）
000008,株式会社藤工業,000007,小林,000003,C（解体）
000009,株式会社ｸﾛｻﾜ工業,000004,山本,000003,C（解体）
000010,住吉興業株式会社,000004,山本,000004,D（建設）
000011,東京商産業株式会社,000004,山本,000002,B（残置）
000012,ｻﾄｰ運送株式会社,000007,小林,000002,B（残置）
000013,株式会社江栄,000002,渡辺,000001,A（事業）
000014,株式会社泉土木,000001,矢作,000004,D（建設）
000015,株式会社酉島製作所,000004,山本,000004,D（建設）
000016,株式会社ﾀｹｴｲ,000007,小林,000001,A（事業）
000017,株式会社共同土木,000008,新木場工場,,
000018,有限会社ｱｰｸ,000003,蛯子,000004,D（建設）
000019,有限会社山口商店,000004,山本,000001,A（事業）
000020,株式会社環境整備,000006,川部,000001,A（事業）
000021,株式会社ｼﾑﾗ,000007,小林,000005,E（中・積)
000022,学校法人 中央大学,000002,渡辺,000002,B（残置）
000023,株式会社ｼﾝｼｱ,000004,山本,000002,B（残置）
000024,ECﾃｸﾉｽ株式会社,000004,山本,000004,D（建設）
000025,株式会社五十嵐商会,000002,渡辺,000001,A（事業）
000026,株式会社日本政策金融公庫,000002,渡辺,000001,A（事業）
000027,株式会社NTTﾌｧｼﾘﾃｨｰｽﾞ,000002,渡辺,000001,A（事業）
000028,公益財団法人 東京都環境公社,000002,渡辺,000002,B（残置）
000029,有限会社富士商事,000004,山本,000004,D（建設）
000030,有限会社ｱﾙﾌｧｶｰｺﾞ,000009,新木場ヤード,,
000031,株式会社日本ﾄﾞﾗｲ,000003,蛯子,000006,F（他）
000032,株式会社宮崎,000008,新木場工場,,
000033,株式会社TOAｼﾌﾞﾙ,000004,山本,000002,B（残置）
000034,株式会社中村鐵工所,000004,山本,000004,D（建設）
000035,竹山商事株式会社東京支店,000008,新木場工場,,
000036,株式会社和科盛商会,000005,今村（紀）,000005,E（中・積)
000037,株式会社翼工業,000004,山本,000003,C（解体）
000038,株式会社宮本,000005,今村（紀）,000005,E（中・積)
000039,第一生命保険株式会社,000002,渡辺,000002,B（残置）
000040,中央区役所,000007,小林,000006,F（他）
000041,有限会社加藤好大商店,000004,山本,000002,B（残置）
000042,有限会社新光家具,000005,今村（紀）,000005,E（中・積)
000043,野呂商店,000005,今村（紀）,000003,C（解体）
000045,株式会社小早川運輸,000002,渡辺,000001,A（事業）
000046,鈴村梱包運輸株式会社,000005,今村（紀）,000002,B（残置）
000047,有限会社ﾜｲｽﾞ,000005,今村（紀）,000003,C（解体）
000048,松本商事株式会社,000005,今村（紀）,000005,E（中・積)
000049,ﾌﾟﾛﾃｸﾄ株式会社,000005,今村（紀）,000005,E（中・積)
000050,有限会社芝商会,000007,小林,000001,A（事業）
000051,那須興産株式会社,000002,渡辺,000005,E（中・積)
000052,株式会社鈴亀,000002,渡辺,000005,E（中・積)
000053,株式会社ｸﾘｰﾝﾀｳﾝｻｰﾋﾞｽ,000005,今村（紀）,000004,D（建設）
000054,飯坂電業株式会社,000007,小林,000003,C（解体）
000055,有限会社真和商事,000002,渡辺,000002,B（残置）
000056,"日本ｻﾆﾊﾟｯｸ株式会社 ",000002,渡辺,000002,B（残置）
000057,鈴木運輸株式会社,000002,渡辺,000004,D（建設）
000058,株式会社服部運輸,000006,川部,000001,A（事業）
000059,有限会社三雲商店,000007,小林,000002,B（残置）
000060,有限会社ﾖｼｶﾜ,000005,今村（紀）,000002,B（残置）
000061,株式会社横田住建,000007,小林,000002,B（残置）
000062,ｻﾝﾀﾞｲ興産株式会社,000006,川部,000002,B（残置）
000063,株式会社上田紙業,000006,川部,000004,D（建設）
000064,ﾏﾙﾏｻ株式会社,000006,川部,000002,B（残置）
000065,有限会社五十嵐商事,000002,渡辺,000001,A（事業）
000066,小坂産業株式会社,000007,小林,000005,E（中・積)
000067,有限会社市川工業,000007,小林,000003,C（解体）
000068,有限会社ｶｲﾝﾄﾞ･ﾏﾈｰｼﾞ,000002,渡辺,000003,C（解体）
000069,有限会社政湖商運,000002,渡辺,000004,D（建設）
000070,有限会社丸保商店,000005,今村（紀）,000004,D（建設）
000071,株式会社住環境計画研究所,000007,小林,000002,B（残置）
000072,"奉仕社 誠印  ",000007,小林,000002,B（残置）
000073,有限会社ｸﾛｰﾊﾞｰﾌﾟﾗﾐﾝｸﾞ,000007,小林,000002,B（残置）
000074,有限会社ﾀﾞｲｹﾝ商事,000002,渡辺,000003,C（解体）
000075,渥美運輸株式会社,000006,川部,000001,A（事業）
000076,株式会社ｴｰ･ｴﾑ開発,000007,小林,000003,C（解体）
000077,株式会社ｶﾃﾞﾝﾌｧﾐﾘｰｻｰﾋﾞｽ,000007,小林,000002,B（残置）
000078,高昇解体,000007,小林,000003,C（解体）
000079,株式会社加藤興商,000007,小林,000002,B（残置）
000080,株式会社善楽,000007,小林,000002,B（残置）
000081,有限会社鬼海興業,000005,今村（紀）,000003,C（解体）
000082,株式会社藤田産業,000002,渡辺,000004,D（建設）
000083,株式会社ﾔﾊｷﾞ環境,000006,川部,000004,D（建設）
000084,有限会社藤工業,000004,山本,000003,C（解体）
000085,中央急送株式会社,000006,川部,000002,B（残置）
000086,有限会社ﾌｧｰｽﾄ･ﾄｯﾌﾟ,000005,今村（紀）,000003,C（解体）
000087,村上木材株式会社,000007,小林,000003,C（解体）
000088,株式会社ﾃｲｿｳ物流ｻｰﾋﾞｽ,000002,渡辺,000002,B（残置）
000089,有限会社中村商店,000006,川部,000002,B（残置）
000090,株式会社Suite,000006,川部,000002,B（残置）
000091,株式会社創豊建設,000006,川部,000004,D（建設）
000092,株式会社ｳｲﾝｸﾞ,000006,川部,000002,B（残置）
000093,株式会社伊豆野工業,000006,川部,000004,D（建設）
000094,株式会社LINE REFORM SUPPORT,000006,川部,000004,D（建設）
000095,日本通運株式会社,000007,小林,000001,A（事業）
000097,ｼｰﾒﾝｽﾍﾙｽｹｱ株式会社,000003,蛯子,000006,F（他）
000098,日通東京運輸株式会社,000005,今村（紀）,000001,A（事業）
000099,株式会社ｵｶﾑﾗ,000002,渡辺,000002,B（残置）
000100,株式会社和興,000002,渡辺,000002,B（残置）
000101,東京東ﾌｨｸﾞﾗ株式会社,000002,渡辺,000002,B（残置）
000102,平成ﾋﾞﾙﾃﾞｨﾝｸﾞ株式会社,000002,渡辺,000002,B（残置）
000103,NX・TCﾘｰｽ&ﾌｧｲﾅﾝｽ株式会社,000002,渡辺,000002,B（残置）
000104,株式会社ﾏﾂﾓﾄ,000002,渡辺,000001,A（事業）
000105,ﾀﾞｲｲﾁ興業株式会社,000004,山本,000004,D（建設）
000106,株式会社千斗,000001,矢作,000004,D（建設）
000107,株式会社ｱｰｽｱﾗｳﾝﾄﾞ,000007,小林,000002,B（残置）
000108,株式会社BOND,000005,今村（紀）,000002,B（残置）
000109,株式会社藤井土木,000004,山本,000003,C（解体）
000110,有限会社松雄運送,000006,川部,000003,C（解体）
000111,株式会社新栄工業,000008,新木場工場,,
000112,SYﾈｯﾄﾜｰｸｼｽﾃﾑ,000005,今村（紀）,000005,E（中・積)
000113,株式会社ｷｬﾌﾟﾃｨｴﾝｼﾞﾆｱﾘﾝｸﾞ,000006,川部,000004,D（建設）
000114,株式会社理匠,000004,山本,000004,D（建設）
000115,株式会社H&N,000002,渡辺,000004,D（建設）
000116,株式会社遠藤商会,000007,小林,000001,A（事業）
000117,日興ﾋﾞｼﾞﾈｽｼｽﾃﾑｽﾞ株式会社,000006,川部,000002,B（残置）
000118,ﾂﾈｲｼｶﾑﾃｯｸｽ株式会社,000008,新木場工場,,
000119,東港金属株式会社,000008,新木場工場,,
00011K,東京商産業株式会社,000010,メタウォーター,000002,B（残置）
000120,NXｸｰﾘｴｻｰﾋﾞｽ株式会社,000007,小林,000001,A（事業）
000121,砂町ｱｽｺﾝ株式会社,000008,新木場工場,,
000122,株式会社中島工務店,000007,小林,000003,C（解体）
000123,株式会社京葉興業,000004,山本,000004,D（建設）
000124,株式会社水機ﾃｸﾉｽ,000004,山本,000004,D（建設）
000125,ｴｽｼﾞｰ株式会社,000004,山本,000001,A（事業）
000126,株式会社真友重機,000004,山本,000004,D（建設）
000127,松尾建設株式会社,000004,山本,000004,D（建設）
000128,有限会社日本福祉住環境ｻｰﾋﾞｽ,000006,川部,000004,D（建設）
000129,五栄土木株式会社,000005,今村（紀）,000004,D（建設）
000130,株式会社國光,000008,新木場工場,,
000131,富士運輸株式会社,000002,渡辺,000002,B（残置）
000132,株式会社川上商店,000010,メタウォーター,,
000133,有限会社OO.TAKE,000006,川部,000002,B（残置）
000134,東京ﾎﾞｰﾄﾞ工業株式会社,000008,新木場工場,,
000135,中野倉庫運輸株式会社東京支店,000002,渡辺,000002,B（残置）
000136,株式会社木下ﾌﾚﾝﾄﾞ,000002,渡辺,000001,A（事業）
000137,株式会社日比谷ｱﾒﾆｽ,000004,山本,000004,D（建設）
000138,有限会社板越商事,000002,渡辺,000001,A（事業）
000139,ｱｲｺﾑ株式会社,000007,小林,000002,B（残置）
000140,ﾀﾂｷ輸送株式会社,000006,川部,000001,A（事業）
000141,株式会社荒井商店,000006,川部,000004,D（建設）
000142,株式会社ｶﾅﾓﾄ,000002,渡辺,000006,F（他）
000143,株式会社ｾﾝｺｰﾘﾋﾞﾝｸﾞﾌﾟﾗｻﾞ,000002,渡辺,000002,B（残置）
000144,旭化成株式会社,000002,渡辺,000002,B（残置）
000145,旭化成建材株式会社,000002,渡辺,000004,D（建設）
000146,旭化成ﾌｧｰﾏ株式会社,000002,渡辺,000004,D（建設）
000147,山田工業株式会社,000004,山本,000004,D（建設）
000148,ｸﾞﾛﾘｱｽ･ｼﾞｬﾊﾟﾝ株式会社,000006,川部,000002,B（残置）
000149,月島JFEｱｸｱｿﾘｭｰｼｮﾝ株式会社,000005,今村（紀）,000004,D（建設）
00014K,株式会社泉土木,000008,新木場工場,000004,D（建設）
000150,株式会社永利建設工業,000003,蛯子,000004,D（建設）
000151,練馬区長,000002,渡辺,000001,A（事業）
000152,藤倉商事株式会社,000005,今村（紀）,000002,B（残置）
000153,株式会社協栄清水商店,000002,渡辺,000005,E（中・積)
000154,有限会社ｽﾁｰﾙｽﾄｱ,000006,川部,000002,B（残置）
000155,ﾘﾏｰｼﾞｭｼﾞｬﾊﾟﾝ株式会社,000002,渡辺,000002,B（残置）
000156,株式会社興農,000007,小林,000001,A（事業）
000157,株式会社ｱｰﾄﾌﾘｰｸ,000007,小林,000001,A（事業）
000158,株式会社廣田,000004,山本,000001,A（事業）
000159,高嶺清掃株式会社,000002,渡辺,000005,E（中・積)
000160,中央梱包運輸株式会社,000005,今村（紀）,000002,B（残置）
000161,株式会社日本協力,000002,渡辺,000005,E（中・積)
000162,藤ﾋﾞﾙﾒﾝﾃﾅﾝｽ株式会社,000010,メタウォーター,,
000163,株式会社三門商会,000006,川部,000004,D（建設）
000164,株式会社中川船舶,000005,今村（紀）,000004,D（建設）
000165,株式会社樽味商会,000006,川部,000001,A（事業）
000166,巴工業株式会社,000005,今村（紀）,000004,D（建設）
000167,株式会社ｼﾌﾞﾔｴｺｸﾘｰﾝｻｰﾋﾞｽ,000006,川部,000002,B（残置）
000168,有限会社ﾈｽﾗｯﾌ,000007,小林,000002,B（残置）
000169,有限会社ｱｵｷ商会,000005,今村（紀）,000002,B（残置）
00016K,株式会社ﾀｹｴｲ,000008,新木場工場,,
000170,株式会社ﾅｺｼﾞ,000006,川部,000001,A（事業）
000171,須藤電機製作所,000003,蛯子,000006,F（他）
000172,郵運ｼｽﾃﾑ株式会社,000006,川部,000004,D（建設）
000173,株式会社ｼﾞｪｲｱｰﾙ東日本物流,000006,川部,000005,E（中・積)
000174,JR東日本ﾃｸﾉﾛｼﾞｰ株式会社,000006,川部,000005,E（中・積)
000175,株式会社ES産業,000002,渡辺,000004,D（建設）
000176,株式会社ｲｾｺｰﾎﾟﾚｰｼｮﾝ,000006,川部,000002,B（残置）
000177,太陽ｽﾎﾟｰﾂ施設株式会社,000004,山本,000004,D（建設）
000178,ｱｲﾎﾞﾝ産業有限会社,000004,山本,000002,B（残置）
000179,有限会社近藤土木,000005,今村（紀）,000003,C（解体）
000180,株式会社ｻﾆｯｸｽ,000008,新木場工場,,
000181,横井醸造工業株式会社,000007,小林,000006,F（他）
000182,ﾅｲﾃｯｸｽ株式会社,000004,山本,000001,A（事業）
000183,堀口興業有限会社,000004,山本,000003,C（解体）
000184,有限会社古島運送,000004,山本,000002,B（残置）
000185,ｴｽﾃｨｰｱｲ株式会社,000006,川部,000003,C（解体）
000186,CRS株式会社,000005,今村（紀）,000004,D（建設）
000187,SGﾑｰﾋﾞﾝｸﾞ株式会社,000005,今村（紀）,000002,B（残置）
000188,株式会社ｽﾃｱ,000004,山本,000004,D（建設）
000189,安川ｵｰﾄﾒｰｼｮﾝ・ﾄﾞﾗｲﾌﾞ株式会社,000007,小林,000002,B（残置）
00018K,有限会社ｱｰｸ,000008,新木場工場,,
000190,ﾃｸﾆｶ創建株式会社,000004,山本,000004,D（建設）
000191,有限会社ｱｽﾏ･ｸﾘｰﾝ,000002,渡辺,000004,D（建設）
000192,"株式会社ｽｶﾞﾃｯｸ ",000004,山本,000004,D（建設）
000193,ﾘﾗｲｱﾌﾞﾙ株式会社,000001,矢作,000003,C（解体）
000194,成和防災株式会社,000007,小林,000001,A（事業）
000195,株式会社光岡自動車,000004,山本,000001,A（事業）
000196,昱株式会社東京支店,000002,渡辺,000004,D（建設）
000197,有限会社石橋商店,000004,山本,000004,D（建設）
000198,山王ｽﾍﾟｰｽ&ﾚﾝﾀﾙ株式会社,000007,小林,000001,A（事業）
000199,栄和ﾘｻｲｸﾙ株式会社,000002,渡辺,000004,D（建設）
000200,株式会社高木運輸,000006,川部,000001,A（事業）
000201,常陸海事建設株式会社,000005,今村（紀）,000004,D（建設）
000202,株式会社ｼﾐｽﾞｵｸﾄ,000005,今村（紀）,000002,B（残置）
000203,株式会社ﾕﾆ商会,000005,今村（紀）,000004,D（建設）
000204,入船鋼材株式会社,000007,小林,000002,B（残置）
000205,都市環境ｻｰﾋﾞｽ株式会社,000005,今村（紀）,000005,E（中・積)
000206,三機工業株式会社,000005,今村（紀）,000004,D（建設）
000207,協和機電工業株式会社東京支店,000004,山本,000004,D（建設）
000208,三機環境ｻｰﾋﾞｽ株式会社,000005,今村（紀）,000004,D（建設）
000209,株式会社神鋼環境ｿﾘｭｰｼｮﾝ,000005,今村（紀）,000004,D（建設）
000210,株式会社ｴｰﾜﾝ,000006,川部,000002,B（残置）
000211,八洲運輸株式会社千葉営業所,,,,
000212,株式会社ｳｽﾀﾞ,000006,川部,000003,C（解体）
000213,首都高ﾒﾝﾃﾅﾝｽ西東京株式会社,000005,今村（紀）,000004,D（建設）
000214,有限会社Rｶﾝﾊﾟﾆｰ,000007,小林,000002,B（残置）
000215,ｱｸｱｲﾝﾃｯｸ株式会社,000004,山本,000004,D（建設）
000216,株式会社ﾌｼﾞｸﾘｴｲﾃｨﾌﾞｺｰﾎﾟﾚｰｼｮﾝ,000004,山本,000002,B（残置）
000217,安西建設工業有限会社,000004,山本,000003,C（解体）
000218,株式会社ｼﾞｰｴﾑｼｰ,000004,山本,000004,D（建設）
000219,株式会社江戸川環境,000007,小林,000001,A（事業）
000220,株式会社ｱｻﾋ･ｸﾘｰﾝ,000007,小林,000002,B（残置）
000221,株式会社明幸,000004,山本,000003,C（解体）
000222,新建産業株式会社,000006,川部,000001,A（事業）
000223,ﾕｷｺ産業,000007,小林,000002,B（残置）
000224,株式会社ﾚﾝﾀﾙのﾆｯｹﾝ,,,,
000225,三和紙業,000005,今村（紀）,000001,A（事業）
000226,株式会社ｻﾅﾀﾞ,000005,今村（紀）,000003,C（解体）
000227,ﾊﾟﾅｿﾆｯｸﾎｰﾑｽﾞ不動産株式会社,000004,山本,000002,B（残置）
000228,株式会社三洋ｴｸｽﾌﾟﾚｽ,000002,渡辺,000002,B（残置）
000229,伊藤忠ﾌｧｯｼｮﾝｼｽﾃﾑ株式会社,000002,渡辺,000002,B（残置）
000230,株式会社ｷﾀｻﾞﾜ引越ｾﾝﾀｰ,000006,川部,000002,B（残置）
000231,株式会社SKGｻｰﾋﾞｽ,000006,川部,000003,C（解体）
000232,有限会社ｼﾃｨﾛｼﾞｽﾃｨｯｸｽ,000006,川部,000002,B（残置）
000233,株式会社島川建設,000005,今村（紀）,000004,D（建設）
000234,有限会社ｵﾌｨｽﾋﾞﾙﾄﾞ,000002,渡辺,000002,B（残置）
000235,三井住友建設株式会社,000006,川部,000004,D（建設）
000236,有限会社ｻﾃﾗｲﾄ,000006,川部,000002,B（残置）
000237,株式会社北斗JAPAN,000006,川部,000002,B（残置）
000238,化研ﾏﾃﾘｱﾙ株式会社,000007,小林,000002,B（残置）
000239,東瀝青建設株式会社,000006,川部,000004,D（建設）
00023K,株式会社ｼﾝｼｱ,000008,新木場工場,000005,E（中・積)
000240,ﾆｼｷ株式会社,000006,川部,000005,E（中・積)
000241,株式会社東葉住宅,000002,渡辺,000004,D（建設）
000242,有限会社丸三松本商事,000002,渡辺,000005,E（中・積)
000243,ｾﾝﾄﾗﾙ美装株式会社,000002,渡辺,000004,D（建設）
000244,株式会社ﾖｼﾓﾘ,000002,渡辺,000001,A（事業）
000245,有限会社ﾊﾏﾀﾞｴﾝﾀｰﾌﾟﾗｲｽﾞ,000002,渡辺,000004,D（建設）
000246,有限会社ｹｲｴｲﾁ･ﾘｻｲｸﾙ,000006,川部,000004,D（建設）
000247,有限会社谷津商会,000002,渡辺,000001,A（事業）
000248,ﾃﾙｳｪﾙ東日本株式会社,000002,渡辺,000001,A（事業）
000249,NTTﾌｧｲﾅﾝｽ株式会社,000002,渡辺,000001,A（事業）
000250,日本管材ｾﾝﾀｰ株式会社,000002,渡辺,000005,E（中・積)
000251,ｽﾘｰﾋﾟｰｽ,000006,川部,000002,B（残置）
000252,株式会社泉宣宏社,000002,渡辺,000004,D（建設）
000253,有限会社野口興業,000002,渡辺,000001,A（事業）
000254,ｱｰﾙｸﾘｴｲﾄ株式会社,000006,川部,000003,C（解体）
000255,株式会社月島物流ｻｰﾋﾞｽ,000006,川部,000001,A（事業）
000256,株式会社月島物流ｻｰﾋﾞｽ,000006,川部,000001,A（事業）
000257,株式会社　ﾎﾟﾝﾄﾞﾌｨｰﾙﾄﾞ,000002,渡辺,000002,B（残置）
000258,株式会社ｱｰﾙｴﾑｼｰ,000002,渡辺,000004,D（建設）
000259,有限会社堀井整備,000006,川部,000001,A（事業）
000260,株式会社雑用社,000002,渡辺,000002,B（残置）
000261,株式会社SUNｰK,000006,川部,000001,A（事業）
000262,有限会社ﾀﾞｽﾄ商会,000002,渡辺,000002,B（残置）
000263,有限会社ｱﾍﾞﾏｷ,000002,渡辺,000004,D（建設）
000264,有限会社諏訪運送店,000007,小林,000002,B（残置）
000265,株式会社大野工業,000006,川部,000003,C（解体）
000266,大成ﾛﾃｯｸ株式会社,000007,小林,000002,B（残置）
000267,株式会社ﾘｸﾘｰﾝｻｰﾋﾞｽ,000004,山本,000002,B（残置）
000268,宮坂運送株式会社,000004,山本,000002,B（残置）
000269,有限会社吉野商会,000006,川部,000001,A（事業）
000270,坪田運送有限会社,000002,渡辺,000005,E（中・積)
000271,上野運輸株式会社,000004,山本,000004,D（建設）
000272,ｷｬﾉﾝｼｽﾃﾑｱﾝﾄﾞｻﾎﾟｰﾄ株式会社,000002,渡辺,000002,B（残置）
000273,大谷清運株式会社,000002,渡辺,000004,D（建設）
000274,協立輸送株式会社,000006,川部,000001,A（事業）
000275,製紙銅鉄有限会社佐藤商店,000007,小林,000002,B（残置）
000276,株式会社ﾀﾀﾞﾉﾃｸﾉ東日本,000005,今村（紀）,000004,D（建設）
000277,八洲ﾌﾟﾗﾝﾄ建設株式会社,000004,山本,000004,D（建設）
000278,五洋建設株式会社,000001,矢作,000004,D（建設）
000279,TREｶﾞﾗｽ株式会社,000007,小林,000005,E（中・積)
000280,有限会社那須野興業,000004,山本,000004,D（建設）
000281,ﾒﾀｳｫｰﾀｰ株式会社,000010,メタウォーター,000004,D（建設）
000282,ﾒﾀｳｫｰﾀｰｻｰﾋﾞｽ株式会社,000010,メタウォーター,000004,D（建設）
000283,有限会社泉商店,000006,川部,000002,B（残置）
000284,株式会社ﾘｸﾗｽ,000005,今村（紀）,000004,D（建設）
000285,株式会社石垣,000005,今村（紀）,000004,D（建設）
000286,株式会社ｸﾚﾝｽﾞ興産,000010,メタウォーター,,
000287,株式会社ｴｺﾘﾌｫｰﾑ,000004,山本,000004,D（建設）
000288,鐵伸運輸株式会社,000008,新木場工場,,
000289,株式会社全公研,000004,山本,000004,D（建設）
000290,株式会社ﾐﾔ産興,000004,山本,000003,C（解体）
000291,株式会社ｱｸﾞﾚｯｸｽ,000004,山本,000003,C（解体）
000292,株式会社東武ｸﾘｴｲﾃｨﾌﾞ,000004,山本,000002,B（残置）
000293,株式会社朝田商会,000004,山本,000001,A（事業）
000294,株式会社まごころ清掃社,000002,渡辺,000005,E（中・積)
000295,株式会社小見山商事,000005,今村（紀）,000002,B（残置）
000296,環境通信輸送株式会社,000004,山本,000004,D（建設）
000297,ｸﾘｰﾝﾃｯｸｼｵｶﾞｲ株式会社つくば工場,000010,メタウォーター,,
000298,株式会社一球,000004,山本,000002,B（残置）
000299,株式会社青南商事,000010,メタウォーター,,
00029K,有限会社富士商事,000008,新木場工場,,
000300,株式会社日環,000010,メタウォーター,,
000301,栃木県廃ｱｽﾌｧﾙﾄ･ｺﾝｸﾘｰﾄ処理再生協同組合,000010,メタウォーター,,
000302,福岡商店,000007,小林,000002,B（残置）
000303,株式会社ART UNION GROUP,000007,小林,000002,B（残置）
000304,株式会社長谷川商店,000002,渡辺,000005,E（中・積)
000305,有限会社中島商店,000002,渡辺,000002,B（残置）
000306,株式会社ﾋﾟｰ･ｴｽ･ｺｰﾌﾟ,000007,小林,000002,B（残置）
000307,有限会社神田資源,000007,小林,000001,A（事業）
000308,ﾏｲﾌﾚﾝﾄﾞ,000007,小林,000002,B（残置）
000309,株式会社安達運送,000007,小林,000002,B（残置）
000310,有限会社酒巻商店,000002,渡辺,000004,D（建設）
000311,株式会社ｾｲｼｮｳ,000007,小林,000002,B（残置）
000312,日盛運輸株式会社,000002,渡辺,000005,E（中・積)
000313,株式会社亀田,000002,渡辺,000005,E（中・積)
000314,栄運輸株式会社,000002,渡辺,000001,A（事業）
000315,株式会社比留間工務店,000007,小林,000003,C（解体）
000316,嶋崎造園 嶋崎雄浩,000007,小林,000003,C（解体）
000317,有限会社遠藤商事,000002,渡辺,000002,B（残置）
000318,株式会社東美,000007,小林,000003,C（解体）
000319,株式会社ｺﾝｾﾌﾟﾄ,000002,渡辺,000002,B（残置）
000320,株式会社ｸﾛｰﾊﾞｰｽﾞｴｺ,000002,渡辺,000002,B（残置）
000321,株式会社上山商事,000007,小林,000002,B（残置）
000322,裕隆株式会社,000007,小林,000002,B（残置）
000323,弘済運輸株式会社,000007,小林,000002,B（残置）
000324,株式会社ｿｼｱﾙ,000006,川部,000002,B（残置）
000325,株式会社全日総管理,000007,小林,000003,C（解体）
000326,株式会社ｽｶｲｸﾘｴｲﾄ,000007,小林,000002,B（残置）
000327,明野運輸株式会社,000007,小林,000002,B（残置）
000328,株式会社仲村工業,000002,渡辺,000004,D（建設）
000329,三協ｴﾝｼﾞﾆｱﾘﾝｸﾞ株式会社,000002,渡辺,000004,D（建設）
000330,株式会社ﾜﾝｽﾞﾗｲﾌ,000007,小林,000002,B（残置）
000331,株式会社蒼天,000007,小林,000002,B（残置）
000332,株式会社ｹｰﾕｰ興業,000007,小林,000003,C（解体）
000333,吉条木材商会,000007,小林,000002,B（残置）
000334,株式会社竹中道路 東京工場,000002,渡辺,000004,D（建設）
000335,株式会社I ･ S ｱｲ･ｴｽ,000002,渡辺,000006,F（他）
000336,ﾘｯﾂ資源株式会社,000013,かねたや,,
000337,有限会社門屋工業,000006,川部,000003,C（解体）
000338,日工株式会社,000007,小林,000003,C（解体）
000339,有限会社阿部建機輸送,000007,小林,000003,C（解体）
00033K,株式会社TOAｼﾌﾞﾙ,000008,新木場工場,,
000340,株式会社ﾊﾟﾋﾟｰ,000006,川部,000002,B（残置）
000341,株式会社ﾐﾄﾓｺｰﾎﾟﾚｰｼｮﾝ,000007,小林,000003,C（解体）
000342,株式会社ﾐﾉﾙ産業,000007,小林,000002,B（残置）
000343,株式会社ｷｮｰｴｲｽﾄｯｸ,000002,渡辺,000004,D（建設）
000344,共同印刷株式会社,000002,渡辺,000001,A（事業）
000345,有限会社ｽﾘｰ･ﾜﾝ,000002,渡辺,000002,B（残置）
000346,株式会社ﾗｲｼﾞﾝｸﾞ,000007,小林,000003,C（解体）
000347,便利屋!お助け本舗 埼玉蕨店,000007,小林,000002,B（残置）
000348,有限会社ｴﾝｻﾞﾝ工業,000007,小林,000003,C（解体）
000349,株式会社F.ｸﾘｴｲﾄ,000007,小林,000002,B（残置）
000350,株式会社ｼﾝｾｲｴﾚｸﾄﾘｯｸ,000007,小林,000002,B（残置）
000351,株式会社ﾐﾂﾔﾏ電気 東京営業所,000007,小林,000002,B（残置）
000352,株式会社LEGEND･G,000007,小林,000002,B（残置）
000353,中村工業,000007,小林,000003,C（解体）
000354,株式会社ｺﾞﾝ,000002,渡辺,000002,B（残置）
000355,株式会社関内工務店,000002,渡辺,000004,D（建設）
000356,株式会社RCP,000007,小林,000002,B（残置）
000357,だいえい,000007,小林,000002,B（残置）
000358,株式会社ｱｰｽﾗｲﾝ,000007,小林,000002,B（残置）
000359,株式会社宮崎ﾌﾟﾛﾀﾞｸﾄ,000002,渡辺,000006,F（他）
000360,ｱｸﾛﾊﾞｯﾄｱｰﾑｽﾞ株式会社,000002,渡辺,000004,D（建設）
000361,株式会社ｳｨﾙﾌﾛﾝﾃｨｱ,000007,小林,000005,E（中・積)
000362,企業組合 あうん,000007,小林,000002,B（残置）
000363,株式会社ｾﾞﾝ,000007,小林,000001,A（事業）
000364,"株式会社日祥物流 ",000007,小林,000002,B（残置）
000365,株式会社篠原建機,000007,小林,000003,C（解体）
000366,ﾘﾉﾎｰﾑ株式会社,000007,小林,000003,C（解体）
000367,ｺﾝﾀｸﾄ,000007,小林,000002,B（残置）
000368,明豊興産株式会社,000002,渡辺,000004,D（建設）
000369,株式会社ﾗｲﾄﾞ,000007,小林,000002,B（残置）
000370,株式会社ﾘﾀﾞｸｼｮﾝﾃｸﾉ,000002,渡辺,000006,F（他）
000371,あいわ商建株式会社,000007,小林,000002,B（残置）
000372,株式会社ｱﾄﾞ･ﾌﾟﾛ,000007,小林,000001,A（事業）
000373,株式会社Tsukasyo,000007,小林,000003,C（解体）
000374,有限会社ｸﾛﾀﾞ,000002,渡辺,000004,D（建設）
000375,有限会社武久開発,000002,渡辺,000003,C（解体）
000376,道田総設,000007,小林,000003,C（解体）
000377,株式会社ｻｶｲｶﾞﾜ運輸,000007,小林,000002,B（残置）
000378,株式会社ﾆﾗｺ,000007,小林,000002,B（残置）
000379,株式会社永代事業所,000007,小林,000002,B（残置）
000380,株式会社TMS,000007,小林,000002,B（残置）
000381,ASUM株式会社,000007,小林,000003,C（解体）
000382,ﾘｻｲｸﾙﾜｰﾙﾄﾞﾊｳｽ,000007,小林,000002,B（残置）
000383,株式会社日立製作所 水ﾋﾞｼﾞﾈｽﾕﾆｯﾄ,000002,渡辺,000004,D（建設）
000384,宮正解体興業,000007,小林,000003,C（解体）
000385,有限会社ﾒｲｸｺｰﾎﾟﾚｰｼｮﾝ,000007,小林,000002,B（残置）
000386,ﾌｨﾌﾞｲﾝﾄﾗﾛｼﾞｽﾃｨｸｽ株式会社,000002,渡辺,000004,D（建設）
000387,株式会社ﾗｯｷｰ,000006,川部,000002,B（残置）
000388,株式会社榮建設,000007,小林,000002,B（残置）
000389,豊国工業株式会社東京支店,000007,小林,000002,B（残置）
000390,株式会社伊藤園 江東支店,000002,渡辺,000002,B（残置）
000391,株式会社ｼﾞｰ･ｴｽ 京浜島工場,000002,渡辺,000001,A（事業）
000392,東方産業株式会社,000007,小林,000003,C（解体）
000393,真栄運輸株式会社,000002,渡辺,000004,D（建設）
000394,株式会社ﾛｼﾞｽﾃｨｸｽｳｪｰﾌﾞｼﾞｬﾊﾟﾝ,000007,小林,000002,B（残置）
000395,ｲｰｽﾄﾛｼﾞｿﾘｭｰｼｮﾝ株式会社,000002,渡辺,000004,D（建設）
000396,株式会社環境ｼｽﾃﾑｽﾞ,000002,渡辺,000002,B（残置）
000397,ﾀｸﾐ工業株式会社,000007,小林,000003,C（解体）
000398,株式会社ﾘﾋﾞﾝｸﾞﾃｯｸ,000007,小林,000002,B（残置）
000399,市ﾉ沢商店,000002,渡辺,000002,B（残置）
000400,有限会社松本商店,000007,小林,000002,B（残置）
000401,株式会社MOST,000002,渡辺,000004,D（建設）
000402,株式会社S-tro,000007,小林,000002,B（残置）
000403,株式会社櫻井工務店,000007,小林,000003,C（解体）
000404,株式会社ｽﾘｰｳｴｲ,000002,渡辺,000004,D（建設）
000405,旭化成ｱﾄﾞﾊﾞﾝｽ株式会社,000002,渡辺,000004,D（建設）
000406,株式会社ｱｸﾃｨﾌﾞ,000007,小林,000003,C（解体）
000407,株式会社SCRAP,000002,渡辺,000002,B（残置）
000408,東信株式会社,000007,小林,000003,C（解体）
000409,株式会社三共不動産,000007,小林,000003,C（解体）
000410,華美善建設興業株式会社,000007,小林,000003,C（解体）
000411,株式会社ﾘｰﾄﾞ解体工業,000007,小林,000003,C（解体）
000412,栗田建業,000002,渡辺,000003,C（解体）
000413,ﾌﾞﾙｰｸﾘｰﾝ株式会社,000007,小林,000002,B（残置）
000414,ｸｲｯｸｺｰﾎﾟﾚｰｼｮﾝ,000007,小林,000002,B（残置）
000415,ﾋｭｰﾏﾝﾌﾛﾝﾃｨｱ合同会社,000007,小林,000002,B（残置）
000416,一般財団法人 日本ﾃﾞｰﾀ通信協会,000007,小林,000002,B（残置）
000417,大英金属工芸株式会社,000007,小林,000002,B（残置）
000418,株式会社ｲﾀﾊﾞｼ,000007,小林,000003,C（解体）
000419,株式会社ｱｸｾｽ有明,000002,渡辺,000004,D（建設）
00041K,有限会社加藤好大商店,000008,新木場工場,,
000420,ﾘｻｲｸﾙﾌﾞｯﾀﾞ,000007,小林,000002,B（残置）
000421,株式会社ﾐｽﾞｼﾏﾗﾝﾄﾞ,000007,小林,000003,C（解体）
000422,株式会社金太楼鮨本店,000002,渡辺,000004,D（建設）
000423,SUSﾃｸﾉﾜｰｸｽ株式会社,000007,小林,000002,B（残置）
000424,合同会社宏基産業,000002,渡辺,000003,C（解体）
000425,ﾌﾞﾙｰﾑ株式会社,000006,川部,000004,D（建設）
000426,株式会社JR東日本環境ｱｸｾｽ,000002,渡辺,000001,A（事業）
000427,ｹｲﾂｰ熊谷,000006,川部,000003,C（解体）
000428,株式会社ﾊﾁｵｳ,000002,渡辺,000001,A（事業）
000429,有限会社福田川商店,000007,小林,000005,E（中・積)
000430,市川産業株式会社,000002,渡辺,000004,D（建設）
000431,小田商事株式会社,000002,渡辺,000001,A（事業）
000432,株式会社ﾌｪｲｽ,000002,渡辺,000004,D（建設）
000433,株式会社Assurance,000006,川部,000002,B（残置）
000434,株式会社ｺｺﾛｾｲﾘ,000002,渡辺,000002,B（残置）
000435,株式会社NIPPO 東京統括事業所,000002,渡辺,000004,D（建設）
000436,ｼﾃｨﾛｰﾄﾞ株式会社,000002,渡辺,000004,D（建設）
000437,株式会社TGYｴﾝﾀﾃｲﾝﾒﾝﾄ,000007,小林,000002,B（残置）
000438,株式会社ｲﾝﾌﾟﾚｯｼﾞ,000006,川部,000003,C（解体）
000439,株式会社ﾍﾞｽﾄ･ﾜｰｸ,000007,小林,000002,B（残置）
000440,RM企画,000007,小林,000002,B（残置）
000441,株式会社明信,000007,小林,000003,C（解体）
000442,有限会社石山土木,000007,小林,000003,C（解体）
000443,株式会社ｼﾈ･ﾌｫｰｶｽ,000002,渡辺,000006,F（他）
000444,S･ｲﾝﾀﾞ ｳｴｽﾄ,000007,小林,000002,B（残置）
000445,砂子興業,000007,小林,000003,C（解体）
000446,株式会社ｷｬｯﾄﾊﾝｽﾞ,000007,小林,000002,B（残置）
000447,謙成株式会社,000007,小林,000003,C（解体）
000448,有限会社ｼﾞｬﾝﾎﾞ,000002,渡辺,000004,D（建設）
000449,STM,000007,小林,000002,B（残置）
00044X,野呂商店,000005,今村（紀）,000003,C（解体）
000450,株式会社辰巳工業,000007,小林,000003,C（解体）
000451,株式会社D.H.G,000007,小林,000002,B（残置）
000452,ｻｰﾄﾞ･ｴｸｼﾌﾞ株式会社,000007,小林,000002,B（残置）
000453,木藤内装,000002,渡辺,000003,C（解体）
000454,株式会社KCT,000002,渡辺,000004,D（建設）
000455,株式会社ﾜｲｴｽｺｰﾎﾟﾚｰｼｮﾝ,000007,小林,000002,B（残置）
000456,有限会社柴田建装,000007,小林,000003,C（解体）
000457,日本ｻﾆﾃｲｼｮﾝ株式会社,000007,小林,000001,A（事業）
000458,株式会社ｲﾝ･ﾌｨｰﾙﾄﾞ,000007,小林,000002,B（残置）
000459,kama option inpex合同会社,000007,小林,000002,B（残置）
000460,株式会社創心建設興業,000002,渡辺,000003,C（解体）
000461,有限会社岡,000007,小林,000002,B（残置）
000462,株式会社ﾓﾝﾎﾞﾙﾄﾞ,000007,小林,000003,C（解体）
000463,ｱｼｽﾄﾜｰｸ株式会社,000007,小林,000002,B（残置）
000464,株式会社ﾃﾞﾝｷｮｳﾌﾟﾗﾝﾆﾝｸﾞ,000007,小林,000002,B（残置）
000465,有限会社ﾐﾄﾞﾘ重機,000007,小林,000003,C（解体）
000466,株式会社ｺｰｷ,000007,小林,000003,C（解体）
000467,株式会社ﾈｵﾌﾟﾛｼﾞｪｸﾄ,000007,小林,000002,B（残置）
000468,株式会社小笠原組,000007,小林,000003,C（解体）
000469,株式会社明和建装,000002,渡辺,000003,C（解体）
000470,株式会社ﾄﾞﾑｽ,000007,小林,000003,C（解体）
000471,olk株式会社,000002,渡辺,000004,D（建設）
000472,有限会社忍興業,000007,小林,000003,C（解体）
000473,有限会社ﾍﾝｻﾞ工業,000007,小林,000003,C（解体）
000474,株式会社総美,000007,小林,000003,C（解体）
000475,株式会社石山工業,000007,小林,000003,C（解体）
000476,株式会社A.I.P,000007,小林,000002,B（残置）
000477,株式会社ｵﾘｼﾞﾝ 東京営業所,000007,小林,000002,B（残置）
000478,株式会社宮田,000007,小林,000003,C（解体）
000479,今池紙業,000007,小林,000002,B（残置）
000480,新ﾌｰﾄﾞｱﾝﾄﾞｼｽﾃﾑ株式会社,000007,小林,000003,C（解体）
000481,株式会社ﾑﾗｶﾐﾒﾃﾞｨｶﾙ,000007,小林,000002,B（残置）
000482,山岡産輸株式会社,000007,小林,000002,B（残置）
000483,株式会社Good Job,000002,渡辺,000002,B（残置）
000484,株式会社Hug FACTORY,000007,小林,000002,B（残置）
000485,株式会社Pasito,000007,小林,000002,B（残置）
000486,株式会社ｱｲﾃｨｵｰ,000002,渡辺,000004,D（建設）
000487,ｼﾉﾊﾗﾀｲﾔ株式会社,000002,渡辺,000006,F（他）
000488,株式会社J-POWERﾋﾞｼﾞﾈｽｻｰﾋﾞｽ,000007,小林,000002,B（残置）
000489,株式会社J-POWERﾋﾞｼﾞﾈｽｻｰﾋﾞｽ 国分寺事業所,000007,小林,000002,B（残置）
000490,株式会社RIO,000007,小林,000002,B（残置）
000491,池谷運送株式会社,000007,小林,000003,C（解体）
000492,ﾘｻｲｸﾙﾌﾟﾗﾝ,000007,小林,000002,B（残置）
000493,YМD株式会社,000007,小林,000002,B（残置）
000494,株式会社ﾚﾅﾄｽ,000007,小林,000002,B（残置）
000495,株式会社ｴﾑｴｰｼｰ,000007,小林,000002,B（残置）
000496,山陽建設工業株式会社,000007,小林,000003,C（解体）
000497,株式会社初田製作所,000007,小林,000003,C（解体）
000498,株式会社澤畑架設工業,000007,小林,000003,C（解体）
000499,株式会社松村組 東京本店,000007,小林,000003,C（解体）
000500,ﾋﾟｱﾉ運送斉藤,000007,小林,000002,B（残置）
000501,FuHOPE,000007,小林,000002,B（残置）
000502,有限会社ｱﾄﾞﾉｯｸ長井,000002,渡辺,000005,E（中・積)
000503,株式会社小川ｺｰﾎﾟﾚｰｼｮﾝ,000002,渡辺,000006,F（他）
000504,ｱｰﾙ･ｲｰ･ｻｰﾁ株式会社,000002,渡辺,000002,B（残置）
000505,株式会社Ash,000002,渡辺,000002,B（残置）
000506,株式会社翔進,000007,小林,000003,C（解体）
000507,合同会社ﾗｲｰﾌﾞ,000002,渡辺,000004,D（建設）
000508,川嶋利洋税理士事務所,000007,小林,000002,B（残置）
000509,青木ｻｰﾋﾞｽ(入沢勝),000002,渡辺,000002,B（残置）
000510,Sｸﾞﾗﾝﾄﾞ株式会社,000007,小林,000003,C（解体）
000511,ﾙﾋﾞｺﾝﾈｯﾄﾜｰｸｽ株式会社,000007,小林,000002,B（残置）
000512,株式会社ﾄﾞﾘﾑｼｱ,000007,小林,000003,C（解体）
000513,TSC,000007,小林,000002,B（残置）
000514,株式会社ｼﾛｲ解体,000007,小林,000003,C（解体）
000515,多目的ｽﾍﾟｰｽ upa,000007,小林,000002,B（残置）
000516,株式会社ﾕｰｼﾞｪﾙ興業,000007,小林,000003,C（解体）
000517,株式会社TCR,000007,小林,000002,B（残置）
000518,株式会社ｴﾘ･ｵ･ｴﾗ,000007,小林,000002,B（残置）
000519,ｵｰﾙﾘﾝｸ株式会社,000007,小林,000002,B（残置）
000520,有限会社ﾌｪﾆｯｸｽ,000002,渡辺,000003,C（解体）
000521,株式会社ｱｲﾃﾑ,000007,小林,000003,C（解体）
000522,株式会社ﾒﾃﾞｨｱﾐｯｸｽ,000007,小林,000002,B（残置）
000523,合同会社藤未組,000007,小林,000003,C（解体）
000524,むつ美花店,000007,小林,000002,B（残置）
000525,株式会社ｱﾃﾝﾎﾟﾗｲﾌ,000007,小林,000002,B（残置）
000526,BTL Japan株式会社,000007,小林,000002,B（残置）
000527,京葉ｹﾐｶﾙ株式会社,000007,小林,000006,F（他）
000528,株式会社Blick,000007,小林,000003,C（解体）
000529,株式会社ﾐﾗｲｺｰﾎﾟﾚｰｼｮﾝ,000007,小林,000003,C（解体）
00052K,株式会社鈴亀,000013,かねたや,000006,F（他）
000530,株式会社SHINCHI,000007,小林,000002,B（残置）
000531,株式会社国際ｴｷｽﾌﾟﾚｽ,000007,小林,000006,F（他）
000532,株式会社鷹来興運,000007,小林,000002,B（残置）
000533,株式会社CureApp,000007,小林,000002,B（残置）
000534,株式会社ﾀｽｶﾙ,000007,小林,000002,B（残置）
000535,三正生花店,000007,小林,000002,B（残置）
000536,新協商事株式会社,000007,小林,000002,B（残置）
000538,伸興化成株式会社,000007,小林,000002,B（残置）
000539,株式会社OLI,000007,小林,000002,B（残置）
000540,株式会社FOR LIFE,000007,小林,000003,C（解体）
000541,株式会社ﾌｫｲｸﾞﾗﾃｨ,000007,小林,000003,C（解体）
000542,株式会社ﾁｭｳﾌﾞ,000007,小林,000003,C（解体）
000543,合同会社ﾌｼﾞﾎｰﾑ,000007,小林,000002,B（残置）
000544,ｴﾝｶﾚｯｼﾞ･ﾃｸﾉﾛｼﾞ株式会社,000007,小林,000002,B（残置）
000545,株式会社和田分,000007,小林,000002,B（残置）
000546,森油化商事株式会社,000007,小林,000002,B（残置）
000547,株式会社ﾜｶﾊﾞｸﾘｰﾝ,000007,小林,000002,B（残置）
000548,東都運業株式会社,000007,小林,000002,B（残置）
000549,株式会社ｺﾐﾕｽﾞ,000007,小林,000003,C（解体）
000550,株式会社大漁,000007,小林,000002,B（残置）
000551,便利屋ｻﾎﾟｰﾄ,000007,小林,000002,B（残置）
000552,株式会社T&Kﾌﾟﾗﾝﾆﾝｸﾞ,000007,小林,000002,B（残置）
000553,株式会社ﾗｸｴｺ,000007,小林,000002,B（残置）
000554,株式会社UNIVRS,000007,小林,000002,B（残置）
000555,HM JAPAN株式会社,000007,小林,000002,B（残置）
000556,ｴﾈﾙｴｯｸｽ･ｼﾞｬﾊﾟﾝ株式会社,000007,小林,000002,B（残置）
000557,株式会社CNS,000007,小林,000003,C（解体）
000558,株式会社WY's,000007,小林,000002,B（残置）
000559,株式会社LINKAGE,000007,小林,000002,B（残置）
000560,國泰飯店,000002,渡辺,000006,F（他）
000561,株式会社ｱｰﾙﾂｰ,000007,小林,000002,B（残置）
000562,株式会社かねたや家具店,000013,かねたや,000006,F（他）
000563,株式会社斎藤英次商店,000013,かねたや,,
000564,千葉興産株式会社,000002,渡辺,000002,B（残置）
000565,株式会社北辰産業,000013,かねたや,,
000566,有限会社ｻｸｾｽﾒｲﾄ,000002,渡辺,000006,F（他）
000567,株式会社ｸﾛｽ･ｲﾝｻﾎﾟ,000013,かねたや,,
000568,株式会社生田設備工業所,000007,小林,000002,B（残置）
000569,株式会社希松,000005,今村（紀）,000002,B（残置）
000570,有限会社ﾌﾛﾝﾃｨｱ,000002,渡辺,000001,A（事業）
000571,株式会社ﾌｫﾚｽﾄｲﾝﾌｨﾆﾃｨ,000005,今村（紀）,000004,D（建設）
000572,株式会社ｴｺｯｸ,000006,川部,000001,A（事業）
000573,石崎産業株式会社,000002,渡辺,000004,D（建設）
000574,板原工業株式会社,000001,矢作,000003,C（解体）
000575,ﾒﾀﾙﾊﾞﾝｸ合同会社,000006,川部,000004,D（建設）
000576,株式会社小貫興業,000004,山本,000003,C（解体）
000577,ｳﾞｧﾚﾝﾃｨﾉ ｼﾞｬﾊﾟﾝ株式会社,000007,小林,000002,B（残置）
000578,ﾃﾞﾙ･ﾃｸﾉﾛｼﾞｰｽﾞ株式会社,000007,小林,000002,B（残置）
000579,有限会社ﾄﾞﾑｽ管財,000005,今村（紀）,000004,D（建設）
000580,株式会社まごのて,000006,川部,000002,B（残置）
000581,株式会社古川組,000005,今村（紀）,000004,D（建設）
000582,株式会社木戸工業,000007,小林,000002,B（残置）
000583,ﾗｲｶｼﾞｵｼｽﾃﾑｽﾞ株式会社,000007,小林,000002,B（残置）
000584,株式会社ｼｰｽﾘｰ,000006,川部,000004,D（建設）
000585,株式会社ﾊﾞﾘｰ･ｼﾞｬﾊﾟﾝ,000007,小林,000002,B（残置）
000586,有限会社宗徳環境,000004,山本,000004,D（建設）
000587,日本ｴｰ･ｴｽ･ｴﾑ株式会社,000007,小林,000002,B（残置）
000588,日新設備株式会社,000006,川部,000004,D（建設）
000589,株式会社ﾌﾛﾝﾃｨｱ,000006,川部,000004,D（建設）
000590,株式会社ﾌﾛﾝﾃｨｱ,000006,川部,000004,D（建設）
000591,東京ｶﾞｽすまいるｻﾎﾟｰﾄ株式会社,000006,川部,000004,D（建設）
000592,しんきんｱｾｯﾄﾏﾈｼﾞﾒﾝﾄ投信株式会社,000006,川部,000005,E（中・積)
000593,ｱｰﾙｷｭｰﾌﾞ株式会社,000007,小林,000002,B（残置）
000594,新菱冷熱工業株式会社都市環境事業部,000006,川部,000004,D（建設）
000595,REON,000006,川部,000002,B（残置）
000596,ｸﾘｽﾁｬﾝ･ﾃﾞｨｵｰﾙ合同会社,000007,小林,000002,B（残置）
000597,飛鳥田工業,000006,川部,000004,D（建設）
000598,株式会社鳶浩工業,000006,川部,000004,D（建設）
000599,株式会社桔梗,000006,川部,000004,D（建設）
000601,株式会社丸正環境ｾﾝﾀｰ,000006,川部,000005,E（中・積)
000602,株式会社中央流通ｻｰﾋﾞｽ,000006,川部,000002,B（残置）
000603,ｺﾄﾌﾞｷｼｰﾃｨﾝｸﾞ株式会社,000006,川部,000004,D（建設）
000604,株式会社折井電装,000006,川部,000005,E（中・積)
000605,有限会社ｺｰﾜｰｶｰｽﾞ,000006,川部,000004,D（建設）
000606,株式会社ｽﾃﾗﾏｯｶｰﾄﾆｰｼﾞｬﾊﾟﾝ,000007,小林,000002,B（残置）
000607,有限会社第一関東,000006,川部,000003,C（解体）
000608,ｽﾊﾞﾙ興業株式会社昭和島事業所,000006,川部,000004,D（建設）
000609,株式会社ｱﾛｰｽﾞﾍﾙｽｹｱ,000007,小林,000002,B（残置）
000610,株式会社ｶﾅｵｺｰﾎﾟﾚｰｼｮﾝ,000006,川部,000003,C（解体）
000611,株式会社ﾗｲｽﾞ,000006,川部,000005,E（中・積)
000612,株式会社AIIN 愛英社,000002,渡辺,000003,C（解体）
000613,吉田機電株式会社大阪支店,000006,川部,000004,D（建設）
000614,株式会社大樹,000006,川部,000003,C（解体）
000615,株式会社ﾃｨｰﾊﾞﾗﾝｽ,000007,小林,000002,B（残置）
000616,大栄産業株式会社,000006,川部,000003,C（解体）
000617,有限会社ｱｲｴﾑ,000006,川部,000005,E（中・積)
000618,東京ｶﾞｽﾘﾉﾍﾞｰｼｮﾝ株式会社,000006,川部,000004,D（建設）
000619,株式会社ｼﾞｮｰｼﾞﾍﾟｲﾝﾄ,000006,川部,000004,D（建設）
00061X,株式会社横田住建,000007,小林,000002,B（残置）
000620,株式会社渋谷商店,000006,川部,000001,A（事業）
000621,株式会社四谷建設,000006,川部,000003,C（解体）
000622,竹内運送株式会社,000006,川部,000001,A（事業）
000623,松田建設工業株式会社,000005,今村（紀）,000004,D（建設）
000624,株式会社五繁,000006,川部,000002,B（残置）
000625,ﾌｼﾞﾈｯﾄﾜｰｸｽ株式会社,000006,川部,000001,A（事業）
000626,株式会社WELL,000006,川部,000002,B（残置）
000627,株式会社JANSTAR,000006,川部,000003,C（解体）
000628,有限会社林商店,000003,蛯子,000004,D（建設）
000629,株式会社坪野谷紙業,000002,渡辺,000001,A（事業）
000630,お助け本舗 江東門前仲町店,000003,蛯子,000002,B（残置）
000631,ﾊｳｽｻﾎﾟｰﾄ ｹｰｲﾝ,000003,蛯子,000002,B（残置）
000632,浅野興業,000003,蛯子,000004,D（建設）
000633,株式会社小池工業,000003,蛯子,000004,D（建設）
000634,株式会社司工業,000003,蛯子,000004,D（建設）
000635,株式会社ﾐﾈｲ興業,000003,蛯子,000003,C（解体）
000636,株式会社小川興業,000006,川部,000003,C（解体）
000637,urban force株式会社,000003,蛯子,000004,D（建設）
000638,株式会社ﾕｶ,000003,蛯子,000006,F（他）
000639,KUDAI株式会社,000006,川部,000003,C（解体）
000640,松岡一氏,000003,蛯子,000004,D（建設）
000641,23Move,000003,蛯子,000002,B（残置）
000642,KANTO MOVE,000003,蛯子,000002,B（残置）
000643,有限会社小宮興業,000007,小林,000003,C（解体）
000644,東京ﾍﾞｲﾈｯﾄﾜｰｸ株式会社,000005,今村（紀）,000005,E（中・積)
000645,株式会社ｾﾞﾛｼｽﾃﾑｽﾞ,000002,渡辺,000006,F（他）
000646,株式会社OIMｾﾝﾀｰ,000005,今村（紀）,000002,B（残置）
000647,株式会社ｴｺﾛｸ,000005,今村（紀）,000002,B（残置）
000648,ﾆｯﾀｴｱｿﾘｭｰｼｮﾝｽﾞ株式会社,000005,今村（紀）,000004,D（建設）
000649,株式会社ﾖｼﾀﾞ防災設備,000005,今村（紀）,000004,D（建設）
000650,ﾄｰﾖｰ消火器工業株式会社,000005,今村（紀）,000004,D（建設）
000651,株式会社ﾌﾟﾛﾀﾞｸﾄ,000007,小林,000002,B（残置）
000652,ｼﾞｬﾊﾟﾝｴﾚﾍﾞｰﾀｰｻｰﾋﾞｽ城南株式会社,000005,今村（紀）,000005,E（中・積)
000653,株式会社綾青塗装工業,000005,今村（紀）,000003,C（解体）
000654,ｾｷｽｲﾊｲﾑ 不動産株式会社,000005,今村（紀）,000004,D（建設）
000655,株式会社一神創業,000002,渡辺,000003,C（解体）
000656,本田建設株式会社,000007,小林,000003,C（解体）
000657,株式会社ｴﾇ･ｹｰ商会,000007,小林,000003,C（解体）
000658,株式会社三友建設,000002,渡辺,000003,C（解体）
000659,株式会社藤隆工業,000006,川部,000003,C（解体）
00065X,有限会社五十嵐商事,000002,渡辺,000001,A（事業）
000660,株式会社甲信電気,000002,渡辺,000004,D（建設）
000661,株式会社深禄産業,000002,渡辺,000003,C（解体）
000662,有限会社三浦解体工業,000007,小林,000003,C（解体）
000663,八潮総業,000007,小林,000003,C（解体）
000664,株式会社ﾄﾗｲﾄﾞ･ｼﾞｬﾊﾟﾝ,000004,山本,000004,D（建設）
000665,枕崎工業株式会社,000004,山本,000004,D（建設）
000666,つばさ産業株式会社,000007,小林,000003,C（解体）
000667,恒栄ﾃｸﾉｽ株式会社,000004,山本,000004,D（建設）
000668,小早川組,000007,小林,000003,C（解体）
000669,宇都宮工業株式会社,000004,山本,000004,D（建設）
000670,株式会社友進,000002,渡辺,000003,C（解体）
000671,有限会社匠住建,000007,小林,000003,C（解体）
000672,林商事株式会社,000007,小林,000003,C（解体）
000673,ｱｼｽﾄｼﾞｬﾊﾟﾝ有限会社,000004,山本,000002,B（残置）
000674,株式会社ｴｲﾄ,000002,渡辺,000006,F（他）
000675,株式会社勇,000007,小林,000003,C（解体）
000676,有限会社ｲﾝｸﾞ,000002,渡辺,000003,C（解体）
000677,三建ｴﾝｼﾞﾆｱﾘﾝｸﾞｻｰﾋﾞｽ株式会社,000006,川部,000004,D（建設）
000678,株式会社久栄,000006,川部,000003,C（解体）
000679,株式会社ﾄｼｴﾝｼﾞﾆｱﾘﾝｸﾞ,000005,今村（紀）,000002,B（残置）
000680,三浦総合ｻｰﾋﾞｽ,000005,今村（紀）,000003,C（解体）
000681,ﾀｶﾕﾘﾌｫｰﾑ,000005,今村（紀）,000004,D（建設）
000682,株式会社日比商店,000005,今村（紀）,000002,B（残置）
000683,株式会社ｻｷｭﾚ,000005,今村（紀）,000002,B（残置）
000684,双葉ﾗｲﾝ株式会社,000005,今村（紀）,000004,D（建設）
000685,ﾏｲﾝﾄﾞｶﾝﾊﾟﾆｰ合同会社,000005,今村（紀）,000002,B（残置）
000686,清水 勝利,000005,今村（紀）,000002,B（残置）
000687,株式会社ﾄｰｼﾝ,000005,今村（紀）,000003,C（解体）
000688,株式会社謙,000005,今村（紀）,000003,C（解体）
000689,NTRｱｼｽﾄ,000005,今村（紀）,000002,B（残置）
000690,有限会社ﾕｰﾄﾋﾟｱ・ｳﾞｨｼﾞｮﾝ,000005,今村（紀）,000002,B（残置）
000691,安政木材株式会社,000005,今村（紀）,000004,D（建設）
000692,株式会社ﾜｶｼﾏ,000005,今村（紀）,000001,A（事業）
000694,KGKサービス株式会社,000005,今村（紀）,000005,E（中・積)
000695,株式会社ﾗｲｼﾞﾝｸﾞ,000005,今村（紀）,000003,C（解体）
000696,株式会社井上,000002,渡辺,000006,F（他）
000697,日立建機日本株式会社東京東営業所,000005,今村（紀）,000004,D（建設）
000698,有限会社笠倉運輸,000002,渡辺,000002,B（残置）
000699,株式会社ﾋﾞｰﾄｩﾙｰ,000005,今村（紀）,000002,B（残置）
000700,株式会社Free Style,000005,今村（紀）,000004,D（建設）
000701,日本基礎技術株式会社首都圏支店 工事部,000005,今村（紀）,000004,D（建設）
000702,株式会社ｱｰｽｱﾝﾄﾞｳｫｰﾀｰ,000005,今村（紀）,000002,B（残置）
000703,will Company,000005,今村（紀）,000002,B（残置）
000704,株式会社ﾕﾆﾏｯﾄﾗｲﾌ ﾘﾉﾍﾞｰｼｮﾝ事業部,000005,今村（紀）,000004,D（建設）
000705,株式会社ﾏｯｸｸﾘｴｰﾄ,000002,渡辺,000006,F（他）
000706,株式会社産業分析ｾﾝﾀｰ,000005,今村（紀）,000002,B（残置）
000707,株式会社ﾓﾘﾃｯｸ,000005,今村（紀）,000004,D（建設）
000708,日本ﾊﾟﾚｯﾄﾚﾝﾀﾙ株式会社,000005,今村（紀）,000004,D（建設）
000709,佐富工業株式会社,000005,今村（紀）,000003,C（解体）
000710,首都高機械ﾒﾝﾃﾅﾝｽ株式会社,000005,今村（紀）,000004,D（建設）
000711,株式会社ｴｽｹｰｸﾘｰﾄﾞ,000005,今村（紀）,000004,D（建設）
000712,株式会社先駆ﾜｰｸｽ,000005,今村（紀）,000002,B（残置）
000713,株式会社ﾏﾘﾃｯｸｽ,000005,今村（紀）,000004,D（建設）
000714,株式会社ｸﾞﾚｲﾝ･ｴｽ･ﾋﾟｰ,000005,今村（紀）,000002,B（残置）
000715,株式会社HPCﾃｯｸ,000005,今村（紀）,000005,E（中・積)
000716,株式会社一生涯,000005,今村（紀）,000002,B（残置）
000717,株式会社ｼﾞｪｲﾋﾟｰｴﾙ,000005,今村（紀）,000002,B（残置）
000718,株式会社ﾊﾙﾊﾟｴﾔ,000005,今村（紀）,000002,B（残置）
000719,SMCK株式会社,000005,今村（紀）,000003,C（解体）
000720,白川電工,000005,今村（紀）,000004,D（建設）
000721,株式会社Utility Works,000005,今村（紀）,000002,B（残置）
000722,株式会社ﾎﾞｽﾞﾊﾞｲ興業,000005,今村（紀）,000003,C（解体）
000723,ﾊﾅﾚｺｰﾄﾞ株式会社,000005,今村（紀）,000002,B（残置）
000724,ﾊﾔｼﾀﾞ消防設備株式会社,000005,今村（紀）,000004,D（建設）
000725,株式会社ﾌﾟﾛﾒﾛ･ｴﾑ,000005,今村（紀）,000003,C（解体）
000726,株式会社WorldLink&Company,000005,今村（紀）,000002,B（残置）
000727,Siemens Gamesa Renewbale Energy,000005,今村（紀）,000005,E（中・積)
000728,和工業,000005,今村（紀）,000003,C（解体）
000729,株式会社YDK,000005,今村（紀）,000003,C（解体）
000730,株式会社ﾜｲ･ｲｰﾋﾟｰ,000005,今村（紀）,000002,B（残置）
000731,株式会社GK総業,000005,今村（紀）,000003,C（解体）
000732,株式会社ﾄﾘﾌﾟﾙﾜﾝ,000005,今村（紀）,000003,C（解体）
000733,合同会社STEP-1,000005,今村（紀）,000003,C（解体）
000734,株式会社大橋商会,000005,今村（紀）,000005,E（中・積)
000735,ﾈｯﾄｺﾝﾃﾝﾂﾃﾞｻﾞｲﾝ株式会社,000005,今村（紀）,000005,E（中・積)
000736,株式会社縄野産業,000005,今村（紀）,000003,C（解体）
000737,ﾄｰﾀﾙｻｰﾋﾞｽBB,000005,今村（紀）,000003,C（解体）
000738,KS総業株式会社,000005,今村（紀）,000003,C（解体）
000739,公益財団法人 東京都中小企業振興公社,000005,今村（紀）,000005,E（中・積)
000740,株式会社ﾕﾆﾏｯﾄﾘｱﾙﾃｨｰ 施工管理部,000005,今村（紀）,000004,D（建設）
000741,桜測量設計株式会社,000005,今村（紀）,000003,C（解体）
000742,喜沢工業株式会社,000005,今村（紀）,000004,D（建設）
000743,株式会社正剛ｲﾝﾊﾞｳﾝﾄﾞ,000005,今村（紀）,000002,B（残置）
000744,株式会社ﾁｮﾗｸ工業,000005,今村（紀）,000003,C（解体）
000745,株式会社辰昇,000005,今村（紀）,000003,C（解体）
000746,GMC株式会社,000005,今村（紀）,000003,C（解体）
000747,株式会社FRISCH,000005,今村（紀）,000002,B（残置）
000748,公益財団法人B&G財団,000005,今村（紀）,000002,B（残置）
000749,御用聞き 紺野 成巨,000005,今村（紀）,000002,B（残置）
000750,株式会社SKY,000005,今村（紀）,000002,B（残置）
000751,ﾒｿﾞﾎﾟﾀﾐﾔ建設株式会社,000005,今村（紀）,000003,C（解体）
000752,株式会社ｸﾎﾞﾀ建設,000005,今村（紀）,000004,D（建設）
000753,株式会社ﾀﾂﾐﾃｸﾉｽ,000005,今村（紀）,000004,D（建設）
000754,株式会社ﾘﾝｸ,000005,今村（紀）,000005,E（中・積)
000755,M.Aｸﾘｰﾝ,000005,今村（紀）,000003,C（解体）
000756,株式会社ﾗｽﾃｨｯｸ,000005,今村（紀）,000003,C（解体）
000757,株式会社睦ﾐ,000007,小林,000003,C（解体）
000758,日起建設株式会社,000005,今村（紀）,000004,D（建設）
000759,株式会社永福引越ｾﾝﾀｰ（㈱渡辺興業）,000002,渡辺,000002,B（残置）
000760,株式会社ｱｻﾋ防災設備,000002,渡辺,000006,F（他）
000761,株式会社今井製作所,000002,渡辺,000006,F（他）
000762,株式会社関電工,000005,今村（紀）,000004,D（建設）
000763,有限会社ｾｲﾕｳ,000006,川部,000004,D（建設）
000764,都北運輸株式会社,000006,川部,000001,A（事業）
000765,有限会社斉藤興業,000006,川部,000003,C（解体）
000766,株式会社さくら装建,000002,渡辺,000002,B（残置）
000767,株式会社長谷工ｱｰﾍﾞｽﾄ,000002,渡辺,000005,E（中・積)
000768,株式会社伸榮産業,000002,渡辺,000001,A（事業）
000769,ﾘｻｲｸﾙﾎﾞﾑ,000006,川部,000002,B（残置）
000770,協立ｿﾘｭｰｼｮﾝｽﾞ株式会社,000002,渡辺,000004,D（建設）
000771,AGSﾋﾞｼﾞﾈｽｺﾝﾋﾟｭｰﾀｰ株式会社,000002,渡辺,000006,F（他）
000772,株式会社東邦運輸,000002,渡辺,000002,B（残置）
000773,ｴﾑﾈｯﾄ関東株式会社,000006,川部,000004,D（建設）
000774,株式会社ﾁｰﾑﾌｫｰ,000006,川部,000002,B（残置）
000775,株式会社ﾐﾔｷﾞ,000002,渡辺,000006,F（他）
000776,株式会社雄和,000006,川部,000003,C（解体）
000777,大木運送株式会社,000006,川部,000002,B（残置）
000778,ﾔｴｽ軽工業株式会社,000002,渡辺,000004,D（建設）
000779,株式会社南都興業,000006,川部,000003,C（解体）
000780,株式会社藤木工務店東京支店,000006,川部,000003,C（解体）
000781,株式会社孝建設,000006,川部,000003,C（解体）
000782,大城産業株式会社,000006,川部,000003,C（解体）
000783,株式会社ﾅｶﾑﾗ産興,000006,川部,000003,C（解体）
000784,株式会社S･K･R,000004,山本,000003,C（解体）
000785,大洋紙原有限会社,000006,川部,000005,E（中・積)
000786,東京重量工事株式会社,000006,川部,000004,D（建設）
000787,MINO,000004,山本,000004,D（建設）
000788,株式会社ｱｰﾙｹｲ商会,000001,矢作,000005,E（中・積)
000789,株式会社竹徳,000001,矢作,000004,D（建設）
000790,日炉工業株式会社,000004,山本,000004,D（建設）
000791,成友興業株式会社,000001,矢作,000005,E（中・積)
000792,有限会社木村建装,000006,川部,000004,D（建設）
000793,株式会社北海建設工業所,000005,今村（紀）,000004,D（建設）
000794,有限会社田村商店,000004,山本,000004,D（建設）
000795,城東ﾃｸﾉｻｰﾋﾞｽ株式会社,000004,山本,000004,D（建設）
000796,株式会社ｱｸﾃｨｵ,000001,矢作,000005,E（中・積)
000797,株式会社ｵｵﾏﾂ興業,000001,矢作,000005,E（中・積)
000798,しんめい株式会社,000007,小林,000002,B（残置）
000799,ﾖｺﾄｸ株式会社,000006,川部,000004,D（建設）
000800,株式会社HSMｴﾝｼﾞﾆｱﾘﾝｸﾞ,000004,山本,000002,B（残置）
000801,株式会社CVC,000004,山本,000003,C（解体）
000802,株式会社豊信ﾄﾗｽﾄ,000001,矢作,000005,E（中・積)
000803,株式会社田中興産,000004,山本,000003,C（解体）
000804,有限会社ｵﾌｨｽｶｽﾞ,000004,山本,000003,C（解体）
000805,司工業,000004,山本,000003,C（解体）
000806,株式会社三豊工業,000006,川部,000003,C（解体）
000807,三協工業株式会社,000006,川部,000004,D（建設）
000808,株式会社Y-maxx,000004,山本,000004,D（建設）
000809,株式会社ﾚｲ･ｲﾝﾌｨﾆﾃｨ,000004,山本,000003,C（解体）
000810,学校法人 華学園,000004,山本,000002,B（残置）
000811,株式会社A･K･Sﾌﾟﾗﾝﾆﾝｸﾞ,000001,矢作,000005,E（中・積)
000812,大阪装飾株式会社　東京ﾀﾋﾟｰ支店,000006,川部,000004,D（建設）
000813,株式会社植木組,000004,山本,000004,D（建設）
000814,ﾕﾆｯｸ輸送ｾﾝﾀｰ株式会社,,,,
000815,株式会社ﾃｨｱﾝﾄﾞﾃｨｺｰﾎﾟﾚｰｼｮﾝ,000006,川部,000004,D（建設）
000816,ｾﾗﾐｯｸ工業株式会社,000004,山本,000004,D（建設）
000817,有限会社のぼり環境ｻｰﾋﾞｽ,000006,川部,000003,C（解体）
000818,東光電気工事株式会社東京西支社,000006,川部,000004,D（建設）
000819,ﾊﾘﾀ金属株式会社,000001,矢作,000005,E（中・積)
000820,株式会社しょうじ建設,000001,矢作,000004,D（建設）
000821,株式会社ﾀｳﾝﾎﾃﾙ,000001,矢作,000002,B（残置）
000822,株式会社ｱﾙﾌｧﾊﾟｰﾁｪｽ,000001,矢作,000004,D（建設）
000823,株式会社あるくる,000001,矢作,000002,B（残置）
000824,ｾｱ建設株式会社,000006,川部,000003,C（解体）
000825,学校法人 共栄学園,000006,川部,000001,A（事業）
000826,東京紙業株式会社,000007,小林,000005,E（中・積)
000827,大和ﾊｳｽ工業株式会社,000001,矢作,000004,D（建設）
000828,株式会社TFDｺｰﾎﾟﾚｰｼｮﾝ,000001,矢作,000004,D（建設）
000829,前田建設工業株式会社,000001,矢作,000004,D（建設）
000830,二光産業処理有限会社,000001,矢作,000005,E（中・積)
000831,有限会社ｱｸｱ設備,,,,
000832,株式会社八洲ｸﾘｴｰｼｮﾝ,000001,矢作,000004,D（建設）
000833,ｼｸﾞﾏﾃｯｸ株式会社,000010,メタウォーター,,
000834,巖本金属株式会社,000010,メタウォーター,,
000835,有限会社小嶋建材,000010,メタウォーター,,
000836,株式会社ﾌﾞﾗｲﾄｸﾙｰｽﾞ,000001,矢作,000005,E（中・積)
000837,株式会社津軽衛生公社,000001,矢作,000005,E（中・積)
000838,株式会社ｾｵｽ,000010,メタウォーター,,
000839,有限会社東海CRATER,000001,矢作,000005,E（中・積)
000840,株式会社ｴｽｱｰﾙ,000010,メタウォーター,,
000841,株式会社ﾋﾗｶﾜ,000006,川部,000004,D（建設）
000842,株式会社野口工務店,000001,矢作,000004,D（建設）
000843,株式会社ｲﾎﾞｷﾝ,000004,山本,000002,B（残置）
000844,東武清掃株式会社,000010,メタウォーター,,
000845,株式会社どき,000001,矢作,000004,D（建設）
000846,株式会社拓洋興業,000001,矢作,000004,D（建設）
000847,ｺｰﾅﾝ建設株式会社,000001,矢作,000004,D（建設）
000848,江ﾉ浦石産株式会社,000010,メタウォーター,,
000849,太地建設株式会社,000010,メタウォーター,,
000850,株式会社昭栄,000010,メタウォーター,,
000851,株式会社風見,000001,矢作,000005,E（中・積)
000852,株式会社NIRO ENTERPRISE,000004,山本,000003,C（解体）
000853,株式会社ｳﾗﾀ,000004,山本,000004,D（建設）
000854,太陽建設株式会社,000010,メタウォーター,,
000855,石井産業有限会社,000010,メタウォーター,,
000856,株式会社ｼﾞｵﾌﾟﾗﾝﾆﾝｸﾞ,000001,矢作,000004,D（建設）
000857,有限会社ﾐｯｸ,000001,矢作,000004,D（建設）
000858,高松建設株式会社,000001,矢作,000004,D（建設）
000859,東電不動産株式会社,000001,矢作,000004,D（建設）
000860,ﾗﾝﾃﾞｨﾝｸﾞｼｽﾃﾑ株式会社,000007,小林,000003,C（解体）
000861,株式会社岡潮,000004,山本,000002,B（残置）
000862,TOKYO MOVE.com,000004,山本,000002,B（残置）
000863,株式会社第一広房TOKYO,000004,山本,000004,D（建設）
000864,株式会社ｼｭｱｰﾃﾞｻﾞｲﾝ,000004,山本,000003,C（解体）
000865,株式会社福井商店,000004,山本,000004,D（建設）
000866,三機ｸﾞﾘｰﾝﾃｯｸ株式会社,000004,山本,000004,D（建設）
000867,株式会社弘電社,000004,山本,000004,D（建設）
000868,水明機工株式会社,000004,山本,000004,D（建設）
000869,真柄建設株式会社,000004,山本,000004,D（建設）
000870,松崎建設株式会社東京支店,000004,山本,000003,C（解体）
000871,株式会社ﾌｼﾞﾏﾂ建商,000004,山本,000002,B（残置）
000872,株式会社ﾖｺﾊﾏﾀｲﾔｼﾞｬﾊﾟﾝ,000004,山本,000002,B（残置）
000873,伊藤忠ﾒﾀﾙｽﾞ株式会社,000001,矢作,000004,D（建設）
000874,株式会社誠商事,000004,山本,000003,C（解体）
000875,株式会社東洋信号通信社,000004,山本,000002,B（残置）
000876,加藤建設株式会社,000004,山本,000004,D（建設）
000877,東名空調ｻｰﾋﾞｽ株式会社東京営業所,000004,山本,000004,D（建設）
000878,有限会社まがみ商店,000004,山本,000004,D（建設）
000879,東宝舞台株式会社,000004,山本,000004,D（建設）
000880,日鉄ｿﾘｭｰｼｮﾝｽﾞ株式会社,000004,山本,000004,D（建設）
000881,寺嶋工業,000004,山本,000002,B（残置）
000882,株式会社原口解体,000004,山本,000003,C（解体）
000883,株式会社ﾄｰﾖｰ冨士工,000004,山本,000004,D（建設）
000884,有限会社松栄工業,000004,山本,000003,C（解体）
000885,NSSLCｻｰﾋﾞｽ株式会社,000004,山本,000002,B（残置）
000886,株式会社環境ﾃｺﾑ,000004,山本,000001,A（事業）
000887,株式会社寿建工,000004,山本,000003,C（解体）
000888,ﾄﾗｽﾄﾜﾝ･ﾌﾛｰﾗ芝株式会社,000004,山本,000003,C（解体）
000889,株式会社ｶｸｹﾝ,000004,山本,000003,C（解体）
000890,MC興業株式会社,000004,山本,000003,C（解体）
000891,株式会社MYKｼｽﾃﾑ,000004,山本,000001,A（事業）
000892,東和耐火工業株式会社,000004,山本,000004,D（建設）
000893,株式会社関東製作所,000004,山本,000004,D（建設）
000894,大喜商事株式会社,000004,山本,000003,C（解体）
000895,株式会社慶和,000004,山本,000003,C（解体）
000896,合同会社富山,000004,山本,000003,C（解体）
000897,株式会社西仁,000004,山本,000003,C（解体）
000898,有限会社共成建設,000004,山本,000003,C（解体）
000899,合同会社白湖,000004,山本,000003,C（解体）
000900,株式会社 Dﾏｲﾙｽ,000004,山本,000003,C（解体）
000901,株式会社 ｲｲﾀﾞ工業,000004,山本,000003,C（解体）
000902,株式会社HAND,000004,山本,000002,B（残置）
000903,株式会社雄飛,000004,山本,000003,C（解体）
000904,株式会社TWC,000004,山本,000003,C（解体）
000905,株式会社舞浜企画,000004,山本,000003,C（解体）
000906,gf.K 株式会社,000004,山本,000002,B（残置）
000907,三浦総業株式会社,000004,山本,000003,C（解体）
000908,株式会社ﾌﾟﾗｲﾏﾙｳﾞｪﾆｭｰ,000004,山本,000002,B（残置）
000909,株式会社鈴鹿,000004,山本,000004,D（建設）
000910,龍建工業株式会社,000004,山本,000003,C（解体）
000911,株式会社TRANS-K,000004,山本,000003,C（解体）
000912,株式会社相新工業,000004,山本,000003,C（解体）
000913,柳田運輸株式会社,000004,山本,000002,B（残置）
000914,みなと開発株式会社,000004,山本,000003,C（解体）
000915,株式会社ARCH,000004,山本,000002,B（残置）
000916,株式会社鎌奥工務店,000007,小林,000004,D（建設）
000917,株式会社ｴｽｳﾞｲｴｽ,000004,山本,000002,B（残置）
000918,日本ﾃﾚﾋﾞ放送網株式会社,000004,山本,000002,B（残置）
000919,合同会社ﾃｨｰｴｰ運送,000004,山本,000004,D（建設）
000920,株式会社ﾀﾏｺｰﾎﾟﾚｰｼｮﾝ,000004,山本,000003,C（解体）
000921,株式会社MSK,000004,山本,000002,B（残置）
000922,吉興業合同会社,000004,山本,000003,C（解体）
000923,石福金属興業株式会社,000004,山本,000002,B（残置）
000924,株式会社ﾌﾟﾛｸﾞﾚｽ,000004,山本,000002,B（残置）
000925,株式会社新型ｺﾛﾅ対策,000004,山本,000002,B（残置）
000926,株式会社光工務店,000004,山本,000004,D（建設）
000927,住べｼｰﾄ防水株式会社,000004,山本,000004,D（建設）
000928,株式会社ｼｪﾉﾝﾋﾞｰ,000004,山本,000002,B（残置）
000929,株式会社ｼﾞｪｲｱｰﾙ東日本企画,000004,山本,000002,B（残置）
000930,株式会社根本建設工業,000004,山本,000003,C（解体）
000931,新日本建設株式会社,000004,山本,000004,D（建設）
000932,株式会社ｴﾄﾞｻｰﾋﾞｽ,000007,小林,000003,C（解体）
000933,ｸﾘｴｲｼｮﾝ,000007,小林,000002,B（残置）
000934,株式会社ﾏﾙﾐﾔ社,000002,渡辺,000002,B（残置）
000935,ﾘｻｲｸﾙｼｮｯﾌﾟ 生活快館ﾗﾗ,000005,今村（紀）,000002,B（残置）
000936,株式会社ｶﾜｻｷ,000007,小林,000002,B（残置）
000937,興南貿易 株式會社,000007,小林,000002,B（残置）
000938,津波古運送,000002,渡辺,000003,C（解体）
000939,株式会社永田興業,000007,小林,000002,B（残置）
000940,株式会社ｻﾝｽﾞ 本社,000007,小林,000002,B（残置）
000941,株式会社大野新総研,000007,小林,000002,B（残置）
000942,株式会社ｴﾆｼｯｸ,000007,小林,000002,B（残置）
000943,鈴木環境有限会社,000002,渡辺,000004,D（建設）
000944,株式会社ｱｰｸｴｰｽ,000007,小林,000002,B（残置）
000945,有限会社小倉商店,000005,今村（紀）,000002,B（残置）
000946,株式会社環境企画,000007,小林,000002,B（残置）
000947,ARS,000007,小林,000003,C（解体）
000948,株式会社ｱｽｸﾜｰｸｽ,000006,川部,000004,D（建設）
000949,ｹｲﾖｰｶﾞｰﾍﾞｯﾁﾞ,000002,渡辺,000004,D（建設）
000950,ｱｰﾙﾂｰ,000006,川部,000002,B（残置）
000951,有限会社ｵｶﾞﾀ･ｸﾞﾙｰﾌﾟ ﾘｻｲｸﾙｼｮｯﾌﾟ宝山,000005,今村（紀）,000002,B（残置）
000952,リサイクルショップらやね,000007,小林,000002,B（残置）
000953,くまねこ堂,000007,小林,000002,B（残置）
000955,有限会社ｶﾓﾐｰﾙ,000007,小林,000002,B（残置）
000956,株式会社ｱｽｸｹﾞｰﾄﾄﾗｽﾄ,000007,小林,000002,B（残置）
000957,御用聞き 小井川 崇康,000005,今村（紀）,000002,B（残置）
000958,株式会社ﾜｲ･ｲｰ･ｻｰﾋﾞｽ,000005,今村（紀）,000002,B（残置）
000959,株式会社平野商会,000007,小林,000002,B（残置）
000960,株式会社ｽｽﾞｴｲ,000007,小林,000002,B（残置）
000961,株式会社東京自動車総合ｻｰﾋﾞｽ,000007,小林,000002,B（残置）
000962,株式会社成昇,000002,渡辺,000005,E（中・積)
000963,信栄実業株式会社,000002,渡辺,000004,D（建設）
000964,ﾍﾟﾙﾓﾋﾞｰﾙ株式会社,000007,小林,000002,B（残置）
000965,銀座急送株式会社,000002,渡辺,000002,B（残置）
000966,有限会社R企画,000005,今村（紀）,000004,D（建設）
000967,株式会社三美社,000002,渡辺,000001,A（事業）
000968,有限会社朝倉商店,000002,渡辺,000001,A（事業）
000969,東日本ﾊｲｳｪｲ株式会社,000002,渡辺,000001,A（事業）
000970,江東区役所,000007,小林,000006,F（他）
000971,有限会社ｱﾝﾃﾞｽ,000002,渡辺,000004,D（建設）
000972,三興運輸株式会社,000007,小林,000002,B（残置）
000973,鐵光商事株式会社,000007,小林,000002,B（残置）
000974,東運輸株式会社,000005,今村（紀）,000002,B（残置）
000975,株式会社ﾄｯﾌﾟ,000002,渡辺,000004,D（建設）
000976,株式会社ﾄﾞﾙﾌｨﾝKOTO,000002,渡辺,000001,A（事業）
000977,ﾏｺﾄ船具株式会社,000005,今村（紀）,000006,F（他）
000978,ｽｶﾗ有限会社,000002,渡辺,000003,C（解体）
000979,株式会社ﾎｿﾔ,000005,今村（紀）,000001,A（事業）
000980,ｾｲｺｰ産業東京株式会社,000006,川部,000004,D（建設）
000981,株式会社沖野,000007,小林,000003,C（解体）
000982,株式会社丸升商店,000005,今村（紀）,000001,A（事業）
000983,株式会社国分商会,000008,新木場工場,,
000984,青木環境事業株式会社,000008,新木場工場,,
000985,株式会社福ﾏﾙ,000008,新木場工場,,
000986,株式会社関商店,000008,新木場工場,,
000987,西部ｻｰﾋﾞｽ株式会社,000008,新木場工場,,
000988,有限会社ｱﾙﾌｧﾌｫﾙﾑ,000008,新木場工場,,
000989,澤希運輸有限会社,000008,新木場工場,,
000990,新潟環境開発株式会社,000008,新木場工場,,
000991,新洋株式会社,000008,新木場工場,,
000992,杉田建材株式会社,000008,新木場工場,,
000993,日軽物流株式会社,000008,新木場工場,,
000994,株式会社ﾔﾏﾄ,000008,新木場工場,,
000995,株式会社ｱｸﾄﾘｰ,000008,新木場工場,,
000996,ﾔﾏﾄﾌﾟﾛﾃｯｸ株式会社,000008,新木場工場,,
000997,ﾌﾙﾊｼEPO株式会社,000008,新木場工場,,
000998,ｴｺｼｽﾃﾑｼﾞｬﾊﾟﾝ株式会社,000008,新木場工場,,
000999,ｴｺｼｽﾃﾑ秋田株式会社,000008,新木場工場,,
001000,東京ｷﾘﾝﾋﾞﾊﾞﾚｯｼﾞｻｰﾋﾞｽ株式会社,000002,渡辺,000006,F（他）
001001,株式会社ﾀｹｴｲﾒﾀﾙ,000008,新木場工場,,
001002,株式会社森づくり,000008,新木場工場,,
001003,木材開発株式会社,000008,新木場工場,,
001004,株式会社浜屋,000004,山本,000002,B（残置）
001005,MDﾛｼﾞｽﾌｨｰﾙﾄﾞｻｰﾋﾞｽ㈱ 江東,000008,新木場工場,,
001006,岡山県貨物運送株式会社,000008,新木場工場,,
001007,株式会社見晴台環境,000008,新木場工場,,
001008,太平洋ｾﾒﾝﾄ株式会社,000008,新木場工場,,
001009,鴻祥興業株式会社,000008,新木場工場,,
001010,株式会社日豊化学,000008,新木場工場,,
001011,株式会社ｴｺ･ﾏｲﾆﾝｸﾞ,000008,新木場工場,,
001012,株式会社ｴｺﾗｲﾝ,000008,新木場工場,,
001013,株式会社KAIXIA,000008,新木場工場,,
001014,株式会社DC環境ｻｰﾋﾞｽ,000008,新木場工場,,
001015,三友ﾌﾟﾗﾝﾄｻｰﾋﾞｽ株式会社,000008,新木場工場,,
001016,株式会社CPFｴﾅｼﾞｰ 京都管理本部,000008,新木場工場,,
001017,株式会社KKK,000008,新木場工場,,
001018,株式会社丸幸,000008,新木場工場,,
001019,BSE株式会社,000007,小林,000003,C（解体）
001020,株式会社ﾌｫｰﾒｰｼｮﾝ,000007,小林,000002,B（残置）
001021,株式会社ｵﾈｽﾄ･ﾜﾝ,000011,オネスト・ワン,000002,B（残置）
001022,株式会社ｻﾝ･ﾃｸﾉ,000012,サン・テクノ,000006,F（他）
001023,株式会社KNS,000012,サン・テクノ,000002,B（残置）
001024,株式会社ｴｽ･ﾃﾞｨｰ･ｴｽ,000012,サン・テクノ,000004,D（建設）
001025,有限会社志賀興業,000012,サン・テクノ,000003,C（解体）
001026,株式会社真田,000012,サン・テクノ,000003,C（解体）
001027,有限会社大類商事,000012,サン・テクノ,000003,C（解体）
001028,株式会社佐藤土建,000012,サン・テクノ,000003,C（解体）
001029,株式会社ｶﾐﾑﾗ,000012,サン・テクノ,000004,D（建設）
001030,株式会社丸伍産業,000012,サン・テクノ,000004,D（建設）
001031,上村,000012,サン・テクノ,000004,D（建設）
001032,有限会社平成空調工業,000012,サン・テクノ,000004,D（建設）
001033,株式会社ﾘｶﾊﾞﾘｰ,000012,サン・テクノ,000002,B（残置）
001034,株式会社SUR,000012,サン・テクノ,000002,B（残置）
001035,株式会社ﾊﾟｰﾄﾅｰｽﾞﾌｫｰ,000012,サン・テクノ,000002,B（残置）
001036,eagerise合同会社,000012,サン・テクノ,000002,B（残置）
001037,ﾋﾞｸﾄﾘｰ解体工業株式会社,000012,サン・テクノ,000003,C（解体）
001038,有限会社ﾘｻｲｸﾙｽﾀｯﾌ,000012,サン・テクノ,000004,D（建設）
001039,株式会社Chez nous,000012,サン・テクノ,000002,B（残置）
001040,ﾘｻｲｸﾙﾚｽｷｭｰ,000012,サン・テクノ,000002,B（残置）
001041,株式会社はな,000012,サン・テクノ,000002,B（残置）
001042,丸喜商店,000012,サン・テクノ,000002,B（残置）
001043,ﾘｰﾄﾞ株式会社,000012,サン・テクノ,000004,D（建設）
001045,株式会社TRUTH,000012,サン・テクノ,000002,B（残置）
001046,かえる商会,000012,サン・テクノ,000002,B（残置）
001047,さっちゃん,000012,サン・テクノ,000002,B（残置）
001049,株式会社ﾌﾟﾗｲﾏﾙ,000012,サン・テクノ,000004,D（建設）
001051,有限会社高見商店,000012,サン・テクノ,000004,D（建設）
001052,株式会社Leale,000012,サン・テクノ,000002,B（残置）
001053,株式会社ｱｻｯｸｽ,000012,サン・テクノ,000002,B（残置）
001054,株式会社品川ﾎｰﾑﾃｯｸｻｰﾋﾞｽ,000012,サン・テクノ,000004,D（建設）
001055,独立行政法人 製品評価技術基盤機構,000012,サン・テクノ,000006,F（他）
001056,株式会社ﾌｨｰﾙｹﾞｰﾄ,000012,サン・テクノ,000004,D（建設）
001057,合同会社八賢興業,000012,サン・テクノ,000003,C（解体）
001058,ｼﾞｪｲｱﾝﾄﾞｴｽ保険ｻｰﾋﾞｽ株式会社,000012,サン・テクノ,000002,B（残置）
001059,有限会社しなの,000012,サン・テクノ,000003,C（解体）
001060,株式会社小林商店,000012,サン・テクノ,000002,B（残置）
001062,株式会社十興業,000012,サン・テクノ,000004,D（建設）
001063,株式会社AGOT,000012,サン・テクノ,000004,D（建設）
001064,E-Works,000012,サン・テクノ,000004,D（建設）
001066,株式会社Hero,000012,サン・テクノ,000004,D（建設）
001067,株式会社横山興業,000012,サン・テクノ,000004,D（建設）
001068,ｴｺｽﾀｲﾙ,000012,サン・テクノ,000002,B（残置）
001070,髙橋工務店株式会社,000012,サン・テクノ,000003,C（解体）
001071,有限会社八角商店,000012,サン・テクノ,000004,D（建設）
001072,ｷｰｿﾝｽﾞ株式会社,000012,サン・テクノ,000002,B（残置）
001073,株式会社ｸﾚｽﾄ城南,000012,サン・テクノ,000004,D（建設）
001074,株式会社NINFEA,000012,サン・テクノ,000004,D（建設）
001075,有限会社浜口技建,000012,サン・テクノ,000003,C（解体）
001077,ｳｴｽﾄ不用品回収ｾﾝﾀｰ,000012,サン・テクノ,000002,B（残置）
001078,株式会社輝成,000012,サン・テクノ,000004,D（建設）
001079,有限会社ﾎｰﾑﾒﾝﾃﾅﾝｽ,000012,サン・テクノ,000004,D（建設）
001080,株式会社長村紙興,000012,サン・テクノ,000004,D（建設）
001082,JA三井ﾘｰｽ株式会社,000012,サン・テクノ,000002,B（残置）
001083,JA三井ﾘｰｽｱｾｯﾄ株式会社,000012,サン・テクノ,000002,B（残置）
001084,協同住宅ﾛｰﾝ株式会社,000012,サン・テクノ,000002,B（残置）
001085,ｱｻﾋﾃﾞｨﾘﾊﾞﾘｰ株式会社,000012,サン・テクノ,000002,B（残置）
001086,有限会社藤野商店,000012,サン・テクノ,000004,D（建設）
001087,東亜物流株式会社,000012,サン・テクノ,000002,B（残置）
001088,山中建物総合管理,000007,小林,000003,C（解体）
001089,JNCｴﾝｼﾞﾆｱﾘﾝｸﾞ株式会社,000004,山本,000004,D（建設）
001090,株式会社日清機械,000012,サン・テクノ,000006,F（他）
001091,増島ｴｱｰｻｰﾋﾞｽ株式会社,000006,川部,000004,D（建設）
001092,ｺﾞﾌｫﾜｰﾄﾞ,000012,サン・テクノ,000004,D（建設）
001093,中盛株式会社,000004,山本,000003,C（解体）
001094,株式会社ﾀｸﾏ,000004,山本,000004,D（建設）
001095,ｾﾞﾝﾃﾘｱ株式会社,000007,小林,000003,C（解体）
001096,公認会計士税理士　半澤浩事務所,000007,小林,000002,B（残置）
001097,株式会社ｼｮｯﾌﾟﾃﾞｻﾞｲﾝ,000007,小林,000002,B（残置）
001098,まほろ堂商店,000012,サン・テクノ,000004,D（建設）
001099,株式会社SMART,000012,サン・テクノ,000002,B（残置）
001100,雲龍工業株式会社,000007,小林,000003,C（解体）
001101,友信株式会社,000007,小林,000003,C（解体）
001102,ﾘｰﾃﾞｨﾝｸﾞ株式会社,000012,サン・テクノ,000002,B（残置）
001103,株式会社ﾀｶｻｺﾞ,000007,小林,000002,B（残置）
001104,株式会社東海運輸,000002,渡辺,000005,E（中・積)
001105,有限会社ﾏﾁﾀﾞ工業,000005,今村（紀）,000003,C（解体）
001106,株式会社ｴﾑｴﾑｱﾝﾄﾞﾆｰｸ,000007,小林,000002,B（残置）
001107,株式会社ﾗｲﾌｻｰﾋﾞｽｼﾞｬﾊﾟﾝ,000012,サン・テクノ,000002,B（残置）
001108,株式会社538,000002,渡辺,000002,B（残置）
001109,ｱｰﾄｸﾞﾘｰﾝ株式会社,000004,山本,000002,B（残置）
001110,東和設備ｻｰﾋﾞｽ株式会社,000006,川部,000004,D（建設）
001111,ﾘﾊﾞｿﾙ合同会社,000012,サン・テクノ,000002,B（残置）
001112,ﾔﾏｻﾞｷｼｰﾙｱﾝﾄﾞﾊﾟｯｹｰｼﾞ,000007,小林,000002,B（残置）
001113,便利屋ﾐﾔﾅﾐ株式会社,000012,サン・テクノ,000002,B（残置）
001114,ｸﾘｰﾝｱｼｽﾄ,000012,サン・テクノ,000002,B（残置）
001115,株式会社青沼ﾗｲﾌｻﾎﾟｰﾄ,000012,サン・テクノ,000002,B（残置）
001116,株式会社YMS,000012,サン・テクノ,000004,D（建設）
001117,atomic株式会社,000012,サン・テクノ,000004,D（建設）
001118,便利屋ﾌｧﾐﾘｰ江東木場店,000012,サン・テクノ,000002,B（残置）
001119,東起業株式会社,000006,川部,000002,B（残置）
001120,化工建設株式会社,000005,今村（紀）,000004,D（建設）
001121,有限会社ﾌﾗｯﾌﾟ,000006,川部,000002,B（残置）
001122,株式会社AffectRise,000011,オネスト・ワン,000006,F（他）
001123,KC International Japan 株式会社,000002,渡辺,000006,F（他）
001124,株式会社　日比谷松本楼,000002,渡辺,000006,F（他）
001125,株式会社ﾈｸｽﾄｹﾞｰﾄ,000007,小林,000002,B（残置）
001126,株式会社IMｺｰﾎﾟﾚｰｼｮﾝ,000007,小林,000002,B（残置）
001127,有限会社ﾓﾘｵｶ電気,000007,小林,000002,B（残置）
001128,SMART COLLECT,000007,小林,000002,B（残置）
001129,株式会社moderate21,000007,小林,000002,B（残置）
001130,株式会社川口組,000007,小林,000003,C（解体）
001131,ﾅｼﾞｺｲｰｴｽ株式会社,000007,小林,000002,B（残置）
001132,合同会社AMUU,000007,小林,000003,C（解体）
001133,有限会社ﾀﾐﾔﾎｰﾑ,000007,小林,000003,C（解体）
001134,HOPE株式会社,000007,小林,000003,C（解体）
001135,歯科室thebrush,000007,小林,000002,B（残置）
001136,株式会社天海建設,000007,小林,000002,B（残置）
001137,株式会社GKｻｰﾋﾞｽ,000007,小林,000003,C（解体）
001138,東京大学駒場祭委員会,000007,小林,000006,F（他）
001139,SUL株式会社,000007,小林,000002,B（残置）
001140,成城フードサービス,000007,小林,000002,B（残置）
001141,株式会社PTB,000007,小林,000002,B（残置）
001142,東京品川リサイクルセンター,000007,小林,000002,B（残置）
001143,誠信工業,000007,小林,000003,C（解体）
001144,株式会社ｷｬﾌﾟﾃｨｿﾘｭｰｼｮﾝｽﾞ,000006,川部,000004,D（建設）
001145,株式会社ｻﾆｯｸｽひたちなか工場,000008,新木場工場,,
001146,株式会社ﾍﾞﾙ興産,000007,小林,000003,C（解体）
001147,株式会社WIT,000012,サン・テクノ,000002,B（残置）
001148,株式会社ﾋｯﾄ,000007,小林,000002,B（残置）
001149,ｲﾝｸﾘｰｽﾞ株式会社,000007,小林,000002,B（残置）
001150,皮ﾌ科早川ｸﾘﾆｯｸ,000007,小林,000002,B（残置）
001151,Creation株式会社,000002,渡辺,000002,B（残置）
001152,BAT合同会社,000007,小林,000003,C（解体）
001153,伊折商会,000006,川部,000002,B（残置）
001154,株式会社ニューズクリエイト,000007,小林,000002,B（残置）
001155,ABEGROUP,000007,小林,000003,C（解体）
001156,太陽工業株式会社,000007,小林,000003,C（解体）
001157,株式会社RAYA,000007,小林,000003,C（解体）
001159,関東空調設備株式会社,000006,川部,000004,D（建設）
001160,有限会社ｱｲｼﾝ,000005,今村（紀）,000003,C（解体）
001161,株式会社ﾌｼﾞﾃｯｸ,000006,川部,000004,D（建設）
001162,有限会社ｴﾑ・ｺｰﾎﾟﾚｰｼｮﾝ,000006,川部,000004,D（建設）
001163,美健ｻｰﾋﾞｽ,000005,今村（紀）,000003,C（解体）
001164,ｴﾙﾃ大塚ｸﾘﾆｯｸ,000007,小林,000002,B（残置）
001165,金山工業株式会社,000006,川部,000003,C（解体）
001166,合同会社NEXUSﾑｰﾋﾞﾝｸﾞ,000007,小林,000002,B（残置）
001167,株式会社ﾀﾞｲｺｰﾎｰﾙﾃﾞｨﾝｸﾞｽｸﾞﾙｰﾌﾟ,000007,小林,000002,B（残置）
001169,便利屋ｴｺﾄﾏﾄ,000006,川部,000002,B（残置）
001170,古川商店,000012,サン・テクノ,000002,B（残置）
001171,森内装,000005,今村（紀）,000004,D（建設）
001172,株式会社ﾄﾏｯｸ,000005,今村（紀）,000004,D（建設）
001173,千葉優太,000007,小林,000002,B（残置）
001174,株式会社ﾏｯｸｽﾎﾟｹｯﾄ,000007,小林,000002,B（残置）
001175,株式会社新々会館,000007,小林,000002,B（残置）
001176,株式会社IM3K,000002,渡辺,000003,C（解体）
001177,株式会社ﾀﾞｲﾊﾞｰｽﾞﾌﾟﾛﾜｲｽﾞ,000005,今村（紀）,000005,E（中・積)
001178,株式会社UPVillage,000005,今村（紀）,000002,B（残置）
001179,山万総合ｻｰﾋﾞｽ株式会社,000006,川部,000002,B（残置）
001180,株式会社栄伸,000012,サン・テクノ,000003,C（解体）
001181,陽恵株式会社,000006,川部,000003,C（解体）
001182,好栄工業株式会社,000004,山本,000003,C（解体）
001183,有限会社ｿｱｰ,000004,山本,000002,B（残置）
001184,ｸﾞﾘｰﾝﾜｰｸｽ,000012,サン・テクノ,000002,B（残置）
001185,日通羽田ｸﾞﾗﾝﾄﾞｻｰﾋﾞｽ株式会社,000007,小林,000002,B（残置）
001186,株式会社ﾉｰｽﾊｰﾊﾞｰ,000005,今村（紀）,000004,D（建設）
001187,株式会社小泉,000004,山本,000004,D（建設）
001188,東西化学産業株式会社,000004,山本,000001,A（事業）
001189,株式会社栗原設備,000002,渡辺,000004,D（建設）
001190,株式会社ｱｰﾄｾﾝﾀｰ,000007,小林,000002,B（残置）
001191,株式会社邉田工業,000001,矢作,000004,D（建設）
001192,金融広報中央委員会,000007,小林,000005,E（中・積)
001193,株式会社ｺﾏｹﾞﾈ,000012,サン・テクノ,000002,B（残置）
001194,株式会社ﾘﾎｰﾑｻｰﾋﾞｽさの,000002,渡辺,000004,D（建設）
001195,世紀東急工業株式会社,000007,小林,000004,D（建設）
001196,株式会社AIZAWA GROUP,000007,小林,000003,C（解体）
001197,株式会社ｹﾞｲﾄ,000006,川部,000002,B（残置）
001199,ｱｽﾞﾋﾞﾙ金門ｴﾝｼﾞﾆｱﾘﾝｸﾞ株式会社,000006,川部,000004,D（建設）
001200,渡辺工業,000006,川部,000003,C（解体）
001201,北野建設株式会社,,,,
001202,株式会社ﾚﾃﾞｨｰﾊﾞｰﾄﾞ,000007,小林,000002,B（残置）
001203,株式会社ﾐｯｸ,000004,山本,000004,D（建設）
001204,台東区おうちのﾐｶﾀ,000005,今村（紀）,000002,B（残置）
001205,株式会社ﾊｲﾗｯｸ,,,,
001206,日本建設株式会社,,,,
001208,ﾃｨｰｴｽｴﾝﾊﾞｲﾛ株式会社,,,,
001209,医療法人社団　慶順会　柏木医科ｸﾘﾆｯｸ,000007,小林,000002,B（残置）
001210,株式会社ALLvisions,000006,川部,000002,B（残置）
001211,大阪ｼｰﾘﾝｸﾞ印刷株式会社,000002,渡辺,000001,A（事業）
001212,伯東株式会社,000006,川部,000002,B（残置）
001213,有限会社　うきた解体工業,000007,小林,000003,C（解体）
001214,大成建設株式会社,,,,
001215,曙建設株式会社,000002,渡辺,000004,D（建設）
001216,株式会社Sunriko,000007,小林,000003,C（解体）
001217,月島JFEｱｸｱｿﾘｭｰｼｮﾝ株式会社,000005,今村（紀）,000004,D（建設）
001218,日本通運株式会社東京コンテナ支店,000005,今村（紀）,000001,A（事業）
001220,株式会社三報堂,000006,川部,000002,B（残置）
001221,たつみ運輸株式会社,000002,渡辺,000002,B（残置）
001222,公益財団法人東京都環境公社,000005,今村（紀）,000005,E（中・積)
001223,大興運輸倉庫株式会社,,,,
001224,ﾘｻｲｸﾙｼｮｯﾌﾟHI-STANDARD,000006,川部,000002,B（残置）
001225,株式会社ﾘﾌﾟﾛ,000005,今村（紀）,000004,D（建設）
001226,NX商事株式会社,000002,渡辺,000001,A（事業）
001227,東京ﾋﾞｼﾞﾈｽ株式会社,000002,渡辺,000006,F（他）
001228,丸上若葉工業株式会社,000001,矢作,000004,D（建設）
001229,株式会社e's,000007,小林,000003,C（解体）
001230,染谷建設工業株式会社,000006,川部,000003,C（解体）
001231,株式会社銅和ｺｰﾎﾟﾚｰｼｮﾝ,000007,小林,000003,C（解体）
001232,株式会社Aoi,000004,山本,000003,C（解体）
001233,株式会社ﾑｰﾊﾞﾙ,000006,川部,000002,B（残置）
001234,株式会社　池田商店,000001,矢作,,
001235,岩尾磁器工業株式会社,000004,山本,000004,D（建設）
001236,株式会社喜三,000004,山本,000003,C（解体）
001237,株式会社ﾅｶﾉﾌﾄﾞｰ建設,,,,
001238,有限会社山口興業（BOND）,000005,今村（紀）,000002,B（残置）
001239,株式会社勝建,000005,今村（紀）,000003,C（解体）
00123K,株式会社京葉興業,000008,新木場工場,,
001240,ﾗｲｵﾝ株式会社,000002,渡辺,000001,A（事業）
001241,株式会社大星運輸,000007,小林,000002,B（残置）
001242,株式会社ﾚｽﾄﾚｰｼｮﾝｼﾞｬﾊﾟﾝ,000005,今村（紀）,000002,B（残置）
001244,夘沢工業,000012,サン・テクノ,000003,C（解体）
001245,Goldenstone株式会社,000007,小林,000003,C（解体）
001246,株式会社小野運送店,000007,小林,000005,E（中・積)
001247,株式会社ﾊｰﾄﾏﾝ,000007,小林,000002,B（残置）
001248,株式会社ｳﾂﾉﾐﾔ,000004,山本,000004,D（建設）
001249,ﾘｭｰｼﾝ興業,000004,山本,000003,C（解体）
001250,矢作ｽﾎﾟｯﾄ（赤坂）,000001,矢作,000003,C（解体）
001251,株式会社ｴﾌﾞﾘｰ,000012,サン・テクノ,000002,B（残置）
001252,株式会社ﾀﾞｲﾅ引越ｾﾝﾀｰ,000012,サン・テクノ,000002,B（残置）
001253,株式会社両角商店,000006,川部,000002,B（残置）
001254,株式会社ｴｲﾜ産業,000004,山本,000003,C（解体）
001255,株式会社こもりｺｰﾎﾟﾚｰｼｮﾝ,000002,渡辺,000006,F（他）
001256,株式会社夏興業,000004,山本,000003,C（解体）
001257,合同会社藤原建設,000004,山本,000003,C（解体）
001258,株式会社千歳,000004,山本,000003,C（解体）
001259,株式会社SGK,000004,山本,000003,C（解体）
00125K,ｴｽｼﾞｰ株式会社,,,,
001260,五月祭常任委員会,000004,山本,000001,A（事業）
001261,株式会社ﾌｧｲﾌﾞｱｰﾙ,000005,今村（紀）,000002,B（残置）
001262,株式会社L・B,000004,山本,000003,C（解体）
001263,株式会ｱﾐﾃｯｸ,000004,山本,000003,C（解体）
001264,ﾘｻｲｸﾙ･I,000012,サン・テクノ,000002,B（残置）
001265,株式会社ｷﾚｲﾈ,000007,小林,000003,C（解体）
001266,MITSUYA CRASHERS合同会社,000004,山本,000003,C（解体）
001267,ｼﾞｬﾊﾟﾝﾘｱﾙﾀｰ株式会社,000005,今村（紀）,000002,B（残置）
001268,有限会社ﾆｭｰﾗｲﾝ東京,000006,川部,000002,B（残置）
001269,株式会社F's（ｴﾌｽﾞ）,000004,山本,000003,C（解体）
001270,有限会社鈴木工業,000012,サン・テクノ,000003,C（解体）
001271,株式会社ﾋﾞｰﾌｫﾙ,000006,川部,000002,B（残置）
001272,東京都下水道局北多摩一号水再生ｾﾝﾀｰ,000005,今村（紀）,,
001273,Spread株式会社,000007,小林,000002,B（残置）
001275,Re建装,000007,小林,000003,C（解体）
001276,株式会社宮成製作所,000005,今村（紀）,,
001277,F&G株式会社,,,,
001278,株式会社北陸環境ｻｰﾋﾞｽ,000008,新木場工場,,
001279,ｸﾞｯﾄﾞﾌｪﾛｰｽﾞ合同会社,000004,山本,000003,C（解体）
001280,東拓,000004,山本,000003,C（解体）
001281,株式会社ｸﾗﾌﾄ,000004,山本,000003,C（解体）
001282,株式会社長谷川興業,000004,山本,000003,C（解体）
001283,株式会社ｴﾑﾃﾝｻﾎﾟｰﾄ,000007,小林,000002,B（残置）
001284,株式会社ｱｽﾄﾛｽﾞ,000007,小林,000004,D（建設）
001285,株式会社ｺﾝﾊﾟｯｼｮﾝ,000012,サン・テクノ,000006,F（他）
001286,株式会社ｴｺﾏｯｸｽ,000008,新木場工場,,
001287,株式会社ｱｰｻｰ,000006,川部,000003,C（解体）
001288,有限会社仁栄,000005,今村（紀）,000002,B（残置）
001289,東西産業貿易株式会社,000002,渡辺,000002,B（残置）
001290,株式会社ｽﾀｰｸ,000007,小林,000002,B（残置）
001291,ｳｲｽｺｲﾝﾀｰﾅｼｮﾅﾙ株式会社,000005,今村（紀）,000002,B（残置）
001292,ｴｺﾃｽﾄ株式会社,000008,新木場工場,,
001293,株式会社ﾘﾌｨｯｸｽ,000007,小林,000003,C（解体）
001294,有限会社基善,000006,川部,000001,A（事業）
001295,株式会社海野工業,000007,小林,000003,C（解体）
001296,株式会社INO,000006,川部,000002,B（残置）
001297,株式会社ｻｶｲ･ｴﾝﾀｰﾌﾟﾗｲｽﾞ,000004,山本,000003,C（解体）
001298,株式会社ｻﾝ・ﾊｳｽ鎌倉,000007,小林,000003,C（解体）
001299,高橋総業,000004,山本,000003,C（解体）
001300,株式会社TASUKI,000004,山本,000004,D（建設）
001301,株式会社藤丸,000005,今村（紀）,000003,C（解体）
001302,矢作ｽﾎﾟｯﾄ（文京区）,,,,
001303,株式会社ﾂｶｻ,000007,小林,000003,C（解体）
001305,金澤運輸株式会社,000007,小林,000003,C（解体）
001306,株式会社みぼろ,000007,小林,000006,F（他）
001307,ﾄﾗｽﾄ,000012,サン・テクノ,000006,F（他）
001308,G-LINE株式会社,,,,
001309,G-UNN株式会社,000007,小林,000003,C（解体）
001310,株式会社吉嶌工業,000007,小林,000003,C（解体）
001311,港区教育委員会事務局　学校教育部,000007,小林,000006,F（他）
001312,株式会社おかたづけ田中くん,000002,渡辺,000002,B（残置）
001313,日本ﾌﾛｰｺﾝﾄﾛｰﾙ株式会社,000011,オネスト・ワン,000006,F（他）
001315,ｲｰｻｰﾋﾞｽ,000007,小林,000003,C（解体）
001316,株式会社晩風,000005,今村（紀）,000002,B（残置）
001317,木下工務店,000006,川部,000003,C（解体）
001318,株式会社ｸﾞﾘｰﾆｰ,000007,小林,000003,C（解体）
001319,内山総建,000012,サン・テクノ,000003,C（解体）
001320,渡辺ｽﾎﾟｯﾄ,000002,渡辺,000003,C（解体）
001321,東京ｴｺﾘｻｲｸﾙ株式会社,000007,小林,000005,E（中・積)
001322,株式会社ｸﾞﾗﾝﾄﾞﾌｫｰﾗﾑ,000002,渡辺,000006,F（他）
001323,株式会社　菊成工業,000004,山本,000003,C（解体）
001324,株式会社ｽﾄﾛｰﾌﾞ,000007,小林,000003,C（解体）
001325,株式会社ﾌﾟﾗｲﾑｴｺ,000007,小林,000003,C（解体）
001326,ﾄﾞﾘｺ株式会社,000004,山本,000004,D（建設）
001327,合同会社CAL,000006,川部,000003,C（解体）
001328,ﾑｹﾞﾝ･ｻｰﾋﾞｽ株式会社,000006,川部,000003,C（解体）
001329,株式会社東大阪施工,000007,小林,000003,C（解体）
001330,山口興業株式会社,000012,サン・テクノ,000002,B（残置）
001331,内宮運輸機工株式会社,000007,小林,000004,D（建設）
001332,銀座HALｸﾘﾆｯｸ,000007,小林,000002,B（残置）
001333,株式会社ﾌﾚﾝﾄﾞ,000012,サン・テクノ,000003,C（解体）
001334,株式会社晃立設備,000004,山本,000003,C（解体）
001335,袖山興業,000006,川部,000003,C（解体）
001336,株式会社ｱｶﾈ,000004,山本,000004,D（建設）
001337,株式会社ｻﾝ・ﾌｧﾐﾘｰ,000005,今村（紀）,000001,A（事業）
001338,中央区大江戸まつり実行委員会,000005,今村（紀）,,
001339,株式会社京葉ﾒｶﾆｯｸ,000006,川部,000003,C（解体）
001340,株式会社新光,000007,小林,000003,C（解体）
001341,株式会社N＆K,000002,渡辺,000001,A（事業）
001342,株式会社ﾘﾋﾞﾙ,000012,サン・テクノ,000004,D（建設）
001343,鹿島道路株式会社,,,,
001344,InaKin株式会社,000002,渡辺,000006,F（他）
001345,株式会社こころ家,000006,川部,000002,B（残置）
001346,広いｲﾃｹﾞﾙ合同会社,000007,小林,000003,C（解体）
001347,株式会社魁興業,000002,渡辺,000003,C（解体）
001348,有限会社大沢ﾌｰｽﾞ,000004,山本,,
001349,有限会社ﾜｲｴﾇｴｽ,000008,新木場工場,,
001350,株式会社福田組　東京本店,000002,渡辺,000004,D（建設）
001351,株式会社ﾃｸﾉﾌﾟﾛ,000002,渡辺,000003,C（解体）
001352,株式会社My　Style　Agent,000013,かねたや,,
001353,修美堂株式会社,000007,小林,000002,B（残置）
001354,株式会社小林土木重機,000010,メタウォーター,,
001355,株式会社柳澤工業,000007,小林,000003,C（解体）
001356,株式会社OS,000006,川部,000004,D（建設）
001357,山田真樹生,000001,矢作,,
001358,ｻｳｽﾛｰﾄﾞ企画株式会社,000005,今村（紀）,,
001359,株式会社EG-PUENTE,000007,小林,000003,C（解体）
001360,株式会社健栄,000005,今村（紀）,000003,C（解体）
001361,株式会社丸伍企画,000012,サン・テクノ,000004,D（建設）
001362,株式会社大建,000005,今村（紀）,000003,C（解体）
001363,株式会社ｼﾝｶ,000002,渡辺,000003,C（解体）
001364,株式会社ﾏｷｼﾑ,000001,矢作,,
001365,有限会社新井建材,000007,小林,000003,C（解体）
001366,日本郵政ｺｰﾎﾟﾚｰﾄｻｰﾋﾞｽ株式会社,000007,小林,000006,F（他）
001367,株式会社三信ﾃｯｸ,000007,小林,000003,C（解体）
001368,ｷｬﾝﾊﾞｽｲﾚﾌﾞﾝ,000001,矢作,000001,A（事業）
001369,日天株式会社,000006,川部,000004,D（建設）
001370,三木工務店,000002,渡辺,000004,D（建設）
001371,株式会社東江ﾃｸﾆｶ,000012,サン・テクノ,000001,A（事業）
001372,株式会社ｻﾝｸｻﾎﾟｰﾄ,000005,今村（紀）,000002,B（残置）
001373,株式会社虎建,000012,サン・テクノ,000004,D（建設）
001374,ｳｨﾝ･ｳｨﾝ株式会社,000007,小林,000003,C（解体）
001375,常盤工業株式会社,000002,渡辺,000004,D（建設）
001376,柿沼電気管理事務所,000005,今村（紀）,000001,A（事業）
001377,株式会社ﾌﾟﾘﾝﾄﾜｰｸｽ,000002,渡辺,000006,F（他）
001378,信和鋼材株式会社,000009,新木場ヤード,,
001379,青木商会,000002,渡辺,000006,F（他）
001380,株式会社佐々木興業,000007,小林,000003,C（解体）
001381,小林ｽﾎﾟｯﾄ,000007,小林,000003,C（解体）
001382,株式会社浅田建設,000007,小林,000003,C（解体）
001383,株式会社森組,000005,今村（紀）,,
001384,株式会社ﾀｶﾃｯｸ,000012,サン・テクノ,000006,F（他）
001385,株式会社高大,000012,サン・テクノ,000006,F（他）
001386,株式会社DERSIM,000003,蛯子,000003,C（解体）
001387,株式会社北総運輸,000006,川部,000006,F（他）
001388,家島建設株式会社,000002,渡辺,000004,D（建設）
001389,株式会社　坂口,000005,今村（紀）,000001,A（事業）
001390,有限会社一橋商店,000012,サン・テクノ,000003,C（解体）
001391,株式会社ﾊﾟﾅ・ｹﾐｶﾙ,000007,小林,000002,B（残置）
001392,株式会社ﾚﾝﾄ,,,,
001393,東京造形美術株式会社,000007,小林,000002,B（残置）
001394,株式会社松武空調ｻｰﾋﾞｽ,000011,オネスト・ワン,000001,A（事業）
001395,株式会社木村建設,,,,
001396,rise株式会社,000007,小林,000002,B（残置）
001397,株式会社ｳﾞｧﾘｱｽ,000003,蛯子,000002,B（残置）
001398,ﾀﾞｯｿｰ･ｼｽﾃﾑｽﾞ株式会社,000002,渡辺,000002,B（残置）
001399,株式会社ｸﾞﾗｰｸｽ,,,,
001400,株式会社Dｶﾝﾊﾟﾆｰ,000007,小林,000003,C（解体）
001401,株式会社ｻﾞﾅ,000005,今村（紀）,000002,B（残置）
001402,大林道路株式会社千葉りんかいｱｽｺﾝ,,,,
001403,ﾌｪﾗｶﾞﾓ・ｼﾞｬﾊﾟﾝ株式会社,000007,小林,000002,B（残置）
001404,TAKEMURA,000011,オネスト・ワン,000002,B（残置）
001405,ｳｴﾉﾃｯｸｽ株式会社,000002,渡辺,000003,C（解体）
001406,双日建材株式会社,000001,矢作,,
001407,株式会社ﾃｲｸﾌｫｰ,000007,小林,000002,B（残置）
001408,NKｲﾝﾀｰﾅｼｮﾅﾙ株式会社,000007,小林,000002,B（残置）
001409,株式会社めぐりあい,000012,サン・テクノ,000002,B（残置）
001410,株式会社舟岡製作所,000007,小林,000003,C（解体）
001411,株式会社Youtility,000006,川部,000001,A（事業）
001412,株式会社オオツカ,000001,矢作,,
001413,小金井市役所,000007,小林,000006,F（他）
001414,武田興業株式会社,000012,サン・テクノ,000002,B（残置）
001415,株式会社ｴﾑﾃｨ工業,000003,蛯子,000001,A（事業）
001416,田端運輸株式会社,000003,蛯子,000001,A（事業）
001417,絹川屋運送株式会社,000002,渡辺,000006,F（他）
001418,江理口歯科医院,000005,今村（紀）,,
001419,株式会社ｸﾎﾞﾀ,000005,今村（紀）,000004,D（建設）
00141K,株式会社荒井商店,000008,新木場工場,,
001420,株式会社錦江,000007,小林,000003,C（解体）
001421,共和商事株式会社,000006,川部,000003,C（解体）
001422,便利屋ﾌｧﾐﾘｰ江戸川店,000012,サン・テクノ,000006,F（他）
001423,株式会社浜田,000008,新木場工場,,
001424,株式会社ｺﾐﾔ,000004,山本,000002,B（残置）
001425,株式会社ｺﾞｰﾙﾄﾞﾗｯｼｭ24,,,,
001426,株式会社ﾀﾂﾐ建装,000007,小林,,
001427,医療法人社団楽森会,000007,小林,,
001428,大和財託株式会社,000007,小林,,
001429,株式会社栄,000007,小林,,
001430,株式会社ｱｾﾞｶﾞﾐ,000002,渡辺,000001,A（事業）
001432,合同会社　壮挺,000004,山本,,
001433,医療法人丸山成一美容外科,000007,小林,,
001434,公益財団法人文京ｱｶﾃﾞﾐｰ,000006,川部,000001,A（事業）
001435,株式会社米山興業,000007,小林,000003,C（解体）
001436,有限会社ﾌﾛﾝﾃｨｱ貿易,000007,小林,,
001437,ｽﾊﾞﾙ興業株式会社千駄ヶ谷事業所,000005,今村（紀）,,
001438,新日本空調株式会社,000011,オネスト・ワン,000003,C（解体）
001439,株式会社いさみや,000007,小林,,
001440,株式会社ｸﾘﾆｶﾙｻﾎﾟｰﾄ,000007,小林,,
001441,株式会社河野解体工業,,,,
001442,Goodwanna有限会社,000007,小林,,
001443,株式会社ﾆｹﾌﾟﾛｼﾞｪｸﾄ,000007,小林,000002,B（残置）
001444,東京都生活文化ｽﾎﾟｰﾂ局,000007,小林,000005,E（中・積)
001445,株式会社齋藤工務店,000006,川部,000002,B（残置）
001446,株式会社鉄信,000007,小林,000004,D（建設）
001447,有限会社入船運輸,000004,山本,000001,A（事業）
001449,東京都環境局,000007,小林,000005,E（中・積)
001450,寛政鉄工株式会社,000005,今村（紀）,,
001451,株式会社wave,000002,渡辺,000004,D（建設）
001452,株式会社ﾕｱｰｽﾞｽﾀｲﾙ,000005,今村（紀）,000002,B（残置）
001453,日本郵便株式会社,000007,小林,000001,A（事業）
001454,ﾕｰﾃｨﾘﾃｨｰｻｰﾋﾞｽ,000012,サン・テクノ,000003,C（解体）
001455,ｼｰｱﾝﾄﾞｼﾞｪｲ・ｲﾝﾀｰﾅｼｮﾅﾙ株式会社,000012,サン・テクノ,000003,C（解体）
001456,株式会社彩和,000001,矢作,000003,C（解体）
001457,ﾌｧｰｽﾄﾋﾞﾙｻｰﾋﾞｽ株式会社,000006,川部,000003,C（解体）
001458,晴海ﾋﾞｭｰﾀﾜｰ管理事務所,000005,今村（紀）,000001,A（事業）
001459,井筒屋,000005,今村（紀）,,
001460,東京ヴェルディ株式会社,,,,
001461,株式会社創栄,000007,小林,,
001462,株式会社ｴｺﾛﾃｯｸ,000006,川部,000004,D（建設）
001463,有限会社ｵﾘｴﾝﾄ綜合企画,000002,渡辺,000002,B（残置）
001464,株式会社FM,000008,新木場工場,,
001465,株式会社ｹﾞﾝﾄﾞｳ,000007,小林,000002,B（残置）
001466,有限会社大一総業,000004,山本,000003,C（解体）
001467,永優ﾘﾌｫｰﾑ解体,000007,小林,000003,C（解体）
001468,株式会社ｺｱ･ﾌﾞﾚｲﾝ,000012,サン・テクノ,000003,C（解体）
001470,株式会社IUK,000002,渡辺,000002,B（残置）
001471,RANPS株式会社,000011,オネスト・ワン,000003,C（解体）
001472,株式会社MGL,000007,小林,000003,C（解体）
001473,有限会社清水鳶工業,000002,渡辺,000003,C（解体）
001474,日本ｺﾝﾃｯｸ,000007,小林,,
001475,有限会社ｲﾗｲﾀﾞ,000005,今村（紀）,000003,C（解体）
001476,株式会社ｴｺ･ｴｰ,000007,小林,000003,C（解体）
001477,株式会社廣瀬機工,000004,山本,,
001478,大関商品研究所,000007,小林,000002,B（残置）
001479,六貴ﾎｰﾑ合同会社,000005,今村（紀）,000002,B（残置）
001481,ﾋﾟｭｱｸﾘｰﾝﾎｰﾑｻｰﾋﾞｽ,000012,サン・テクノ,000002,B（残置）
001482,東京都東京港建設事務所,000005,今村（紀）,,
001483,株式会社林技建,000007,小林,000003,C（解体）
001484,株式会社ご縁,000002,渡辺,000004,D（建設）
001485,東京湾建設事務所海岸整備課長,000005,今村（紀）,,
001486,ﾒﾃﾞｨﾃﾞｰﾀ･ｿﾘｭｰｼｮﾝｽﾞ株式会社,000002,渡辺,000002,B（残置）
001487,株式会社ｶﾞﾙﾏｯｸｽｴﾝﾀｰﾌﾟﾗｲｽﾞ,,,,
001488,株式会社日本ﾛｼﾞｽﾃｨｸｽﾌｫｰﾙﾄﾞ総合研究所,000002,渡辺,000001,A（事業）
001489,リサイクルＳＨＯＰ　スピードワゴン,000006,川部,000003,C（解体）
00167X,株式会社ｼﾌﾞﾔｴｺｸﾘｰﾝｻｰﾋﾞｽ,000006,川部,000002,B（残置）
00169X,有限会社ｱｵｷ商会,000005,今村（紀）,000002,B（残置）
00188K,株式会社ｽﾃｱ,000008,新木場工場,,
00193K,ﾘﾗｲｱﾌﾞﾙ株式会社,,,000003,C（解体）
00200X,株式会社高木運輸,000006,川部,000001,A（事業）
00228K,株式会社三洋ｴｸｽﾌﾟﾚｽ,000002,渡辺,000002,B（残置）
00234K,有限会社ｵﾌｨｽﾋﾞﾙﾄﾞ,000002,渡辺,000002,B（残置）
00239K,東瀝青建設株式会社,000008,新木場工場,,
00253K,有限会社野口興業,000008,新木場工場,000001,A（事業）
00268K,宮坂運送株式会社,000008,新木場工場,000002,B（残置）
00279K,TREｶﾞﾗｽ株式会社,000008,新木場工場,,
00294K,株式会社まごころ清掃社,000008,新木場工場,000005,E（中・積)
00312K,日盛運輸株式会社,000008,新木場工場,000005,E（中・積)
00335K,株式会社I ･ S ｱｲ･ｴｽ,000008,新木場工場,000005,E（中・積)
00373X,株式会社Tsukasyo,000007,小林,000003,C（解体）
00388X,株式会社榮建設,000007,小林,000002,B（残置）
00399X,市ﾉ沢商店,000002,渡辺,000002,B（残置）
00402X,株式会社S-tro,000007,小林,000002,B（残置）
00434X,株式会社ｺｺﾛｾｲﾘ,000002,渡辺,000002,B（残置）
00444X,S･ｲﾝﾀﾞ ｳｴｽﾄ,000007,小林,000002,B（残置）
00445X,砂子興業,000007,小林,000003,C（解体）
00509X,青木ｻｰﾋﾞｽ(入沢勝),000002,渡辺,000002,B（残置）
00518X,株式会社ｴﾘ･ｵ･ｴﾗ,000007,小林,000002,B（残置）
00537X,便利屋BACK UP,000007,小林,000002,B（残置）
00564K,千葉興産株式会社,000013,かねたや,,
00600X,On Earth株式会社,000007,小林,000002,B（残置）
00612X,株式会社AIIN 愛英社,000002,渡辺,000003,C（解体）
00661X,株式会社深禄産業,000002,渡辺,000003,C（解体）
00725X,株式会社ﾌﾟﾛﾒﾛ･ｴﾑ,000005,今村（紀）,000003,C（解体）
00801K,株式会社CVC,000008,新木場工場,000003,C（解体）
00808K,株式会社Y-maxx,000008,新木場工場,,
00815X,株式会社ﾃｨｱﾝﾄﾞﾃｨｺｰﾎﾟﾚｰｼｮﾝ,000006,川部,000004,D（建設）
00826K,東京紙業株式会社,000008,新木場工場,000005,E（中・積)
00857K,有限会社ﾐｯｸ,000008,新木場工場,000004,D（建設）
00896X,【売掛】合同会社富山,000004,山本,000003,C（解体）
00899X,【売掛】合同会社白湖,000004,山本,000003,C（解体）
00901X,株式会社 ｲｲﾀﾞ工業,000004,山本,000003,C（解体）
00928K,株式会社ｼｪﾉﾝﾋﾞｰ,,,000002,B（残置）
00933X,【売掛】ｸﾘｴｲｼｮﾝ,000007,小林,000002,B（残置）
00938X,津波古運送,000002,渡辺,000003,C（解体）
00950X,ｱｰﾙﾂｰ,000006,川部,000002,B（残置）
00954X,ﾊﾘｰｽﾞﾀﾞｲﾅﾐｯｸｽ合同会社,000007,小林,000002,B（残置）
00968K,有限会社朝倉商店,000002,渡辺,000001,A（事業）
00980K,ｾｲｺｰ産業東京株式会社,000008,新木場工場,,
01004K,株式会社浜屋,000008,新木場工場,,
01021K,株式会社ｵﾈｽﾄ･ﾜﾝ,000008,新木場工場,000002,B（残置）
01022K,株式会社ｻﾝ･ﾃｸﾉ,000008,新木場工場,,
01121X,有限会社ﾌﾗｯﾌﾟ,000006,川部,000002,B（残置）
01207X,株式会社ﾊﾘｼｽﾃﾑ,000007,小林,000003,C（解体）
01284K,株式会社ｱｽﾄﾛｽﾞ,,,000004,D（建設）
01387K,株式会社北総運輸,000008,新木場工場,000006,F（他）
01431X,BeMANAGEMENT合同会社,000007,小林,000002,B（残置）
999997,テスト用,,,,
999998,　　,,,,
999999,　　,,,,
